Name,Metaphor,Source Word,Target word,Target word
எவனோ ஒருவன் வாசிக்கிறான்,தவம்போல் இருந்து யோசிக்கிறேன்,தவம்,யோசிக்கிறேன்,யோசிக்கிறேன்
எவனோ ஒருவன் வாசிக்கிறான்,அந்தக் குழலைபோல் அழுவதற்கு அத்தனை கண்கள் எனக்கில்லையே,குழலை,அழுவதற்கு,
என்ன சொல்லப் போகிறாய்,இதயம் ஒரு கண்ணாடி,கண்ணாடி,இதயம்,இதயம்
ஸ்மையை,மேக்னெட் விழியால்,மேக்னெட் ,விழியால்,விழியால்
ஸ்மையை,பூவானேன்,பூ,,
ஸ்மையை,தேனானேன்,தேனானேன்,,
இஞ்சிருங்கோ இஞ்சிருங்கோ,பூமியே துரும்புங்க,துரும்பு,பூமியே,பூமியே
இஞ்சிருங்கோ இஞ்சிருங்கோ,வானமே தூசுங்க,தூசு,வானமே,வானமே
இஞ்சிருங்கோ இஞ்சிருங்கோ,உருவமே தங்க சாயலாய்,தங்க சாயலாய்,உருவமே,உருவமே
போர்க்களம் அங்கே,புன்னகை தீவே,புன்னகை தீவே,,
ஸ்வாசமே ஸ்வாசமே,ஸ்வாசமே,ஸ்வாசமே,,
ஸ்வாசமே ஸ்வாசமே,ஜன்னல் காற்றாகி வா,ஜன்னல் காற்றாகி,,
ஸ்வாசமே ஸ்வாசமே,ஜரிகைப் பூவாகி வா,ஜரிகைப் பூ,,
ஸ்வாசமே ஸ்வாசமே,மின்னல் மழையாகி வா,மின்னல் மழை,,
ஸ்வாசமே ஸ்வாசமே,உயிரின் மூச்சாகி வா,உயிரின் மூச்சாகி,,
ஸ்வாசமே ஸ்வாசமே,இசைத்தட்டு போலே இருந்த என் நெஞ்சை,இசைத்தட்டு,நெஞ்சை,நெஞ்சை
ஸ்வாசமே ஸ்வாசமே,நெஞ்சை பறக்கும் தட்டாக பறந்திடச்செய்தாய்,பறக்கும் தட்டாக,நெஞ்சை,நெஞ்சை
ஸ்வாசமே ஸ்வாசமே,நதிகளில்லாத அரபு தேசம் நான்,நதிகளில்லாத அரபு தேசம்,நான்,நான்
ஸ்வாசமே ஸ்வாசமே,நைல் நதியாக எனக்குள்ளே வந்தாய்,நைல் நதி,,
ஸ்வாசமே ஸ்வாசமே,நிலவு இல்லாத புதன் கிரகம் நானே,நிலவு இல்லாத புதன் கிரகம்,நானே,நானே
ஸ்வாசமே ஸ்வாசமே,முழு நிலவாக என்னுடன் சேர்ந்தாய்,முழு நிலவாக,,
மனசுக்குள் ஒரு புயல்,"மூங்கிலுக்குள்நுழைகின்ற காற்றுமுக்தி பெற்று திரும்புதல்போல உன் மடியில்
சொல்லால் விழுந்தவன்",காற்று முக்தி பெற்று திரும்புதல் போல,உன் மடியில் சொல்லால் விழுந்தவன்,
மனசுக்குள் ஒரு புயல்,கவியாய் முளைத்தேன்,கவியாய்,,
நீதான் என் தேசிய கீதம்,நீதான் என் தேசிய கீதம்,தேசிய கீதம்,நீதான்,
நீதான் என் தேசிய கீதம்,என் ஒரே பாடலே,பாடலே,,
சொல்லாயோ சோலைக்கிளி,சோலைக் கிளி,சோலைக் கிளி,,
சொல்லாயோ சோலைக்கிளி,பச்சைக் கிளைஇலைகளுக்குள்ளேபச்சைக் கிளி ஒளிதல்போல இச்சைக் காதல்நானும் மறைத்தேன்,பச்சைக் கிளி ஒளிதல்,மறைத்தேன்,மறைத்தேன்
சொல்லாயோ சோலைக்கிளி,பச்சைக் கிளி மூக்கைப் போல,பச்சைக் கிளி மூக்கை,மூக்கு,மூக்கு
மாயா மாயா,தாமரை இளைத்த நீர் போல்,தாமரை இளைத்த நீர்,,
மாயா மாயா,திரைகடல் மேல்எண்ணெய் துளியினை போல்,திரைகடல் மேல்எண்ணெய் துளி,,
சொன்னாலும்,விழி சிறையில்,சிறையில்,விழி,விழி
சொன்னாலும்,நதி என நான் நடந்தேன்,நதி,நடந்தேன்,
சொன்னாலும்,கடலே,கடலே,,
வான் நிலா,வான் நிலா தரும் ஒளி இவள் விழி,வான் நிலா தரும் ஒளி,விழி,விழி
வான் நிலா,தேன் பலா தரும் சுவை இவள் மொழி,தேன் பலா தரும் சுவை,மொழி,மொழி
வான் நிலா,பாற்புகழ் நைல் நதி இவள் நடை,பாற்புகழ் நைல் நதி,நடை,நடை
வான் நிலா,தாமரை மலர்கொடி இவள் இடை,தாமரை மலர்க்கொடி,இடை,இடை
வான் நிலா,சிலு சிலுவென விழும் புது பனி துளியோ,சிலு சிலுவென விழும் பனி துளி,,
வான் நிலா,மழை எழுதும் முதல் கவியோ,மழை எழுதும் முதல் கவி,,
வான் நிலா,அந்த ஆகாயம் உந்தன் மேலாடும் நூலாடையோ,ஆகாயம்,நூலாடை,நூலாடை
வான் நிலா,ரதம்போல் நடந்தேன்,ரதம்,நடை,நடை
வான் நிலா,குறுஞ்சி மலர்போல் குலுங்கும்,குறிஞ்சி மலர்,,
ஏதோ ஏதோ ஒன்று,சூரியனை போலே என் முன்பு வந்தாய்,சூரியனை,,
ஏதோ ஏதோ ஒன்று,பனித்துளி போலே பணிந்துவிட்டேனே,பனித்துளி,,
ஏதோ ஏதோ ஒன்று,போதி மரம் போலே உந்தன் கண்கள்,போதி மரம்,கண்கள்,கண்கள்
மார்கண்டேயா,மேளம் போலே மேனியடி,மேளம்,மேனி,மேனி
மார்கண்டேயா,ஆடை கட்டி ஆடுகிற ஆவக்காய பாத்ததில்லே,ஆவக்காய்,,
நெஞ்சம் எல்லாம்,நீ முத்த பார்வை பார்க்கும் போதுஎன் முதுகு தண்டில்மின்னல் வெட்டும்,மின்னல் வெட்டும்,முத்த பார்வை,
நெஞ்சம் எல்லாம்,நீதானே மழை மேகம்,மழை மேகம்,நீதானே,
நெஞ்சம் எல்லாம்,ஹார்மோன் நதியில்,நதி,ஹார்மோன்,ஹார்மோன்
மயிலிறகே மயிலிறகே,மயிலிறகே,மயிலிறகே,,
மயிலிறகே மயிலிறகே,மழை நிலவே,மழை நிலவே,,
முன்பே வா,பூ பூவாய் பூப்போம்,பூ,,
முன்பே வா,சித்திர புன்னகை,சித்திர,புன்னகை,புன்னகை
முன்பே வா,நீரும் செம்புலசேறும் கலந்தது போலே கலந்தவர் நாம்,நீரும் செம்புலசேறும் கலந்தது,கலந்தவர் நாம்,கலந்தவர் நாம்
நியூயார்க் நகரம்,பேச்செல்லாம் தாலாட்டுப் போல,தாலாட்டு,பேச்செல்லாம்,பேச்செல்லாம்
காற்றில் ஓர் வார்தை,இளையக்கொடி,இளையக்கோடி,,
காற்றில் ஓர் வார்தை,மைவிழி பார்வைகள்,மை,விழி,விழி
ஆருயிரே,நீ இல்லாத ராத்திரியோ காற்றில்லாதஇரவாய் ஆகாதோ,காற்றில்லாதஇரவாய்,நீ இல்லாத ராத்திரி,நீ இல்லாத ராத்திரி
ஆருயிரே,முன் கோப குயிலே,முன் கோப குயிலே,,
ஆருயிரே,ஐந்து புலன்களின் அழகியே,ஐந்து புலங்களின் அழகி,,
மையா மையா,நான் சீனியில் செய்த கடல்,சீனியில் செய்த கடல்,நான்,
மையா மையா,வெள்ளை தங்கத்தில் செய்த உடல்,வெள்ளை தங்கத்தில்,உடல்,உடல்
மையா மையா,முரட்டு பூ,முரட்டு பூ,,
சஹானா,வெண்ணிலா,வெண்ணிலா,,
சஹானா,சஹாரா பூக்கள் பூத்ததோ,சஹாரா பூக்கள் பூத்ததோ,,
வாஜி வாஜி,பூவிழிப் பார்வை,பூ,விழி,விழி
வாஜி வாஜி,நெட்டை நிலவே,நெட்டை நிலவே,,
வாஜி வாஜி,ஒரு வெண்ணிலவை மணக்கும் மன்மதன்,வெண்ணிலவை,,
வாஜி வாஜி,புன்னகை பேர் அரசே,புன்னகை பேர் அரசே,,
வாஜி வாஜி,பொன் வாக்கியமே,பொன் வாக்கியமே,,
இதயம் இடம் மாறியதே,அழகிய நதி கலந்ததோ,அழகிய நதி,,
இதயம் இடம் மாறியதே,இசையோடுசேரும் தாளம் சுதியோடுபாடும் ராகம் அதைப்போலஎந்தன் நெஞ்சம் உன்னைசேர்ந்ததே,இசையோடுசேரும் தாளம் சுதியோடுபாடும் ராகம்,எந்தன் நெஞ்சம் உன்னைசேர்ந்ததே,எந்தன் நெஞ்சம் உன்னைசேர்ந்ததே
இதயம் இடம் மாறியதே,காலம் என்னும் நதியில்,நதி,காலம்,காலம்
முழுமதி அவளது முகமாகும்,முழுமதி அவளது முகமாகும்,முழுமதி,முகமாகும்,முகமாகும்
முழுமதி அவளது முகமாகும்,மல்லிகை அவளது மணமாகும்,மல்லிகை,மணமாகும்,மணமாகும்
முழுமதி அவளது முகமாகும்,மின்னல்கள் அவளது விழியாகும்,மின்னல்,விழியாகும்,விழியாகும்
முழுமதி அவளது முகமாகும்,மௌனங்கள் அவளது மொழியாகும்,மௌனங்கள்,மொழியாகும்,மொழியாகும்
முழுமதி அவளது முகமாகும்,மார்கழி மாதத்துபனித்துளி அவளது குரலாகும்,மார்கழி மாதத்து பனித்துளி,குரல்குரலாகும்,குரல்குரலாகும்
முழுமதி அவளது முகமாகும்,மகரந்த காட்டின் மான்குட்டி அவளது நடையாகும்,மகரந்த காட்டின் மான்குட்டியின்,அவளது நடையாகும்,அவளது நடையாகும்
முழுமதி அவளது முகமாகும்,கால்தடமே பதியாத கடல்தீவு அவள்தானே,கடல்தீவு,அவள்தானே,
முழுமதி அவளது முகமாகும்,மெல்லிசையும் அவள்தானே,மெல்லிசை,அவள்தானே,
முழுமதி அவளது முகமாகும்,பொய்மான் போல் ஓடுகிறாள்,பொய்மான்,ஓடுகிறாள்,
அன்பில் அவன்,உயிரே உன்னை,உயிர்,உன்னை,
அன்பில் அவன்,நீ வானவில்லாக,வானவில்லாக,,
மன்னிப்பாயா,கடலில் மீனாக இருந்தவள் நான்,கடலில் மீனாக,நான்,
மன்னிப்பாயா,நூலில் ஆடும் மழையாகிப் போனேன்,நூலில் ஆடும் மழையாகி,,
மன்னிப்பாயா,ஓடும் நீரில் ஓர் அலைதான் நான்,ஓடும் நீரில் ஓர் அலை,நான்,
மன்னிப்பாயா,காற்றிலே ஆடும்காகிதம் நான் நீதான்என்னை கடிதம் ஆக்கினாய்,காற்றில் ஆடும் காகிதம்,நான்,
மன்னிப்பாயா,என் கலங்கரை விளக்கமே,கலங்கரை விளக்கமே,,
மன்னிப்பாயா,கானல் நீர் போலே தோன்றி,கானல் நீர்,,
விண்ணை தாண்டி வருவாயா,விண்மீனே வருவாயா,விண்மீனே,,
உசுரே போகுதே,மணி குயிலே,மணி குயிலே,,
உசுரே போகுதே,அக்கினி பழமுன்னு தெரிஞ்சிருந்தும்,அக்கினி பழமுன்னு,,
உசுரே போகுதே,பாம்பா இருந்தும் நெஞ்சு பயப்பட நினைக்கலையே,பாம்பா,,
காதல் அணுக்கள்,நீ ஆயிரம் விண்மீன் திரட்டிய புன்னகையா,ஆயிரம் விண்மீன் திரட்டிய புன்னகையா,நீ,நீ
காதல் அணுக்கள்,காந்த கண்ணில்,காந்த ,கண்,கண்
அழகிய தீயே,அழகிய தீயே,தீ,,
நெஞ்சைப் பூப்போல்,நெஞ்சைப் பூப்போல்,பூ,நெஞ்சை,நெஞ்சை
வெண்மதி வெண்மதியே,வெண்மதி,வெண்மதி,,
நீயில்லாமல் வாழ்வது லேசா,கண்ணன் வண்ணம்,கண்ணன்,வண்ணம்,வண்ணம்
கல்யாணம்தான் கட்டிக்கிட்டு,ஐயனாா் போல,ஐயனாா்,,
என்னை கொஞ்சம்மாற்றி,பறவைகள் போலவே,பறவைகள்,,
உயிரின் உயிரே,காலை பணியாக,காலை பணி,,
அண்டங்காக்கா கொண்டகாரி,அண்டங்காக்கா கொண்டை,அண்டங்காக்கா,கொண்டை,கொண்டை
அண்டங்காக்கா கொண்டகாரி,உன்ன தேக்கடியில் யானை போல நினைச்சேன்,தேக்கடியில் யானை,நினைத்தல்,நினைத்தல்
அண்டங்காக்கா கொண்டகாரி,உன்ன நாக்கடியில் கற்கண்டாக ஒளிச்சேன்,நாக்கடியில் கற்கண்டாக,மறைத்தல்,மறைத்தல்
சந்தனத் தென்றலை,இதயம் ஒரு கண்ணாடி உனது விம்பம் விழுந்ததடி,கண்ணாடி,இதயம்,இதயம்
கலகலவெனப் பொழியும்,யாரைக் கேட்டது இதயம் விழி தொடுவது விரல் தொடவில்லை,விழி தொடுவது,,
கண்ணாமூச்சி ஏனடா,என் மனம் உனக்கொரு விளையாட்டு பொம்மையா,விளையாட்டு பொம்மை,மனம்,மனம்
ராஜ்யமா இல்லை இமயமா,கேள்வியாய் வாழ்கிறான் மௌனத்தை ஆள்கிறான்,கேள்வி,வாழ்க்கை,வாழ்க்கை
மாயா மாயா,தாமரை இலை தண்ணீர் போல் நீ என்னை எண்ணாமல் இரு,தாமரை இலை தண்ணீர்,,
ஒரு நண்பன் இருந்தால்,கடலில் நதிகள் பெயர் கலந்தது இந்த நட்பில் எங்கள் உயிர் கலந்தது,கடலில் நதிகள் பெயர் கலந்தது,நட்பு,நட்பு
ச ரி க மே ப த னி சே,குட்டி சுவர் ஏறி வெட்டி கதை பேசிகாதல் ஜாலியில் பாடம் காலி தோழா,குட்டி சுவர் ஏறி,படிப்பை விடுதல்,படிப்பை விடுதல்
காலையில் தினமும்,இமை போல் இரவும் பகலும் எனை காத்த அன்னையே,இமை,எனை காத்த அன்னையே,எனை காத்த அன்னையே
சண்ட கோழி கோழி,சைவ முத்தம் கொடுத்த ஒத்து போக மாட்டேன்,சைவ,கன்னத்தில்,கன்னத்தில்
மயிலிறகே மயிலிறகே,அமிர்தாய் அமிர்தாய் அமிர்தாய் கவி ஆற்றிட நீ வருவாய்,அமிர்தாய்,கவி,கவி
நியூயார்க் நகரம்,நீயும் வந்தால் செந்தணல் கூட பனிகட்டி போல மாறும்,செந்தணல் கூட பனிகட்டி போல மாறும்,,
முன்பே வா என் அன்பே வா,நீரும் செம்புல சேறும் கலந்தது போலே,நீரும் செம்புல சேறும் கலந்தது,,
நான் முத்தம் தின்பவள்,ஒரு முரட்டு பூ இவள்,முரட்டு பூ,இவள்,
வளையபட்டி தவிலே,நீ கை கால் முளைத்த மத்தளமா உன்னை வாசிக்க பின்னால் சுத்தனுமா,கை கால் முளைத்த மத்தளமா,நீ,நீ
எல்லாப் புகழும்,நீ நதி போலே ஓடிக் கொண்டிரு,நதி,,
Taxi Taxi,உன் தோள்கள் ஏணியைப் போல் ஏறி மிதித்தேன் தாங்கினாய்,ஏணி,தோள்,தோள்
காதல் அணுக்கள்,காதல் கொள்ளும் மனித பூச்சி கண்களை கண்டு தான் ருசி அறியும்,ருசி அறியும்,,
இரும்பிலே ஒரு இதயம்,கூகுள் காணாத தேடல்கள் என்னோடு காலங்கள் காணா காதல்,கூகுள் காணாத தேடல்,,
அரிமா அரிமா,இவன் உலகம் தாண்டிய உயரம் கொண்டதில் நிலவு நிலவு தலைமுட்டும்,நிலவு தலைமுட்டும்,,
புதிய மனிதா,அழியாத உடலோடு வடியாத உயிரோடு,அழியாத உடலோடு ,,
கோடு போட்டா,ஊரான் வீட்டு சட்டத்துக்கு ஊரு நாடு மசியாது மேகம் வந்து சத்தம் போட்டா ஆகாயம் தான் கேட்காது,மேகம் வந்து சத்தம் போட்டா ஆகாயம் தான் கேட்காது,,
காட்டுச் சிறுக்கி,அவ பார்வையில் எலும்புக பல்பொடி ஆச்சே,எலும்புக பல்பொடி ஆச்சே,,
கிளிமஞ்சாரம்,அட நூறு கோடி தசை ஒவ்வொன்றிலும் உந்தன் பேரே இசை,தசை ஒவ்வொன்றிலும் உந்தன் பேரே இசை,,
பூம் பூம்,வாயுண்டு ஆனால் வயிறில்லை பேச்சுண்டு மூச்சு இல்லை நாடி உண்டு,மூச்சு இல்லை,,
கள்வரே கள்வரே,என் ஆசை நீயே சொன்னால் கண்ணாலே ஆமாம் என்பேனே,கண்ணாலே ஆமாம் என்பேனே,,
கொம்பன் சுறா,நான் ஒத்தையில் பாடுகிறேன் தன்னாலே இந்த பாலா வன பாறைகளின் முன்னால்,பாலா வன பாறைகளின் முன்னால்,,
இன்னும் கொஞ்சம் நேரம்,மழை போல நீ வந்தால்,மழை,,
இன்னும் கொஞ்சம் நேரம்,கடல் போல நான் இருப்பேன், கடல்,,
நெஞ்சுக்குள்ள,காச நோய்க் காரிகளும் கண்ணுறங்கும் வேளையில ஆசநோய் வந்தமக அரை நிமிசம் தூங்கலையே,காச நோய் காரிகள் தூங்கும் நேரம்,,
காதல் கணவா,கடிவாளக் குதிரையாக எனைதான் நீயும் இழுத்தாயே,கடிவாள குதிரை,,
நானே வருகிறேன்,பொல்லாத என் இதயம் ஏதோ சொல்லுதே நில்லாத என் உயிரோ எங்கோ செல்லுதே,பொல்லாத என் இதயம்,,
மோனா மோனா,நா கன்னி கணினி போல் பூட்டி கிடந்தேன் முத்தம் வெச்சு நீ தொறக்க காதல் சுமந்தேன்,கன்னி கணினி,,
ஒரு மாலை,சக்கரை நிமிடம்,சக்கரை,,
ரஹதுள்ளா ரஹதுள்ளா,மாசில்லா வெண்ணிலாவே,வெண்ணிலாவே,,
ரங்கோலா ஹோலா ஹோலா,குருங்கடல் போல குதிக்குது ஆசை குளிக்கலாம்,குருங்கடல்,ஆசை,ஆசை
சுற்றும் விழி சுடரே,மரம்கொத்தி பறவை ஒன்று மனம் கொத்தி போனது,மனம் கொத்தி போனது,,
எக்ஸ் மச்சி ஒய் மச்சி,குறுக்கு எழுத்து புதிர் நானே,குறுக்கு எழுத்து புதிர்,,
ஜுன் போனால்,நிலவினை சலவை செய்,நிலவினை சலவை செய்,,
முதல் நாள் இன்று,குளிர்போலே காதல்,குளிர்,காதல்,காதல்
சிறு சிறு உறவுகள்,கசக்குது என் இளமையும்,கசக்குது,,
வைகாசி நிலவே,வைகாசி நிலவே,வைகாசி நிலவே,,
எனதுயிரே எனதுயிரே,எனதுயிரே,எனதுயிரே,,
முதல் மழை,கையை மீறும் ஒரு குடையாய்,குடையாய்,,
ஒரு முகமோ இரு முகமோ,இடியின் மடியில் தினம்,இடியின் மடியில்,,
ரகசிய கனவுகள்,மறுபடி ஒருமுறை பிறந்தேனே,மறுபடி ஒருமுறை பிறந்தேனே,,
ரங்கு ரங்கம்மா,யுத்தக் கப்பல் இவதானே,யுத்தக் கப்பல்,,
சிறு பார்வையாலே,வந்த மல்லிப்பூவே,மல்லிப்பூ,,
ஆறடி காத்தே,ஆறடி காத்தே,ஆறடி காத்தே,,
செல்லமே செல்லமே,மின்னலே உன்னைக் கண்டேனே,மின்னலே,,
கற்க கற்க,சாவை சட்டை பையில்,சட்டை பை,,
மஞ்சள் வெயில்,உலகத்தில் கடைசி நாள் இன்று தானா என்பது போல்,உலகத்தில் கடைசி நாள் இன்று,,
நெருப்பே சிக்கி முக்கி,நெருப்பே சிக்கி முக்கி நெருப்பே,நெருப்பே,,
பார்த்த முதல் நாளே,ஓர் அலையாய் வந்து,அலையாய்,,
ஆரிய உதடுகள்,சிறு தேய்பிறை முழு நிலவாகும்,தேய்பிறை முழு நிலவாகும்,,
செல்லகிளியோ,இரு நதியை போலே,இரு நதி,,
காதலிக்கும் ஆசை,செய்து வைத்த ஒளி சிற்பமொ,ஒளி சிற்பமொ,பெண்,
கும்மியடி,லட்சம் குயில் பாடட்டும்,லட்சம் குயில் பாடட்டும்,வாழ்க்கை,வாழ்க்கை
வெள்ளைகார முத்தம்,பல நட்சத்திரம் சிதறுது கண்ணில்,பல நட்சத்திரம் சிதறுது,சந்தோசம்,சந்தோசம்
மருத மலை அடிவாரம்,சிரிச்சாலே லைட் ஹவுஸ பாத்தேன்னு,லைட் ஹவுஸ,சிரிப்பு,சிரிப்பு
ஒட்டியாணம் செஞ்சு தாரேன்,தங்க வடமே இந்த,தங்க வடமே,பெண்,
பத்து விரல் உனக்கு,கண்ணே சிறு கொலைகள்,சிறு கொலை,பார்வையின் கூர்மை,பார்வையின் கூர்மை
புண்ணாக்குன்னு,நீ ஐநா சபை போல,ஐநா சபை,அமைதி,அமைதி
சூடாமணி மச்சினியே,சித்தெறும்பு போல முத்தம் கொடுத்தால்,சித்தெறும்பு,முத்தம்,முத்தம்
ஹலோ மிஸ் இம்சையே,கற்கண்டுப் பேச்சும்,கற்கண்டு,பேச்சு,பேச்சு
இளமை உல்லாசம்,அழகுப்பூக்கள் முகம்பார்த்து,அழகுப்பூக்கள்,முகம்,முகம்
நீ இல்லை என்றால்,அவ்வாா்த்தை போல் என்னைகூா் வாளும் கொல்லாது,வாா்த்தை,வார்த்தை,வார்த்தை
நீ இல்லை என்றால்,மழை போலே உடல் வோ்த்து கொட்டும்,மழை,உடல் வியர்தல்,உடல் வியர்தல்
என் அன்பே,என் உடல் இன்று கடல் ஆனதே,கடல்,உடல்,உடல்
என் அன்பே,விழி பட்ட இடம்இன்று உளி பட்ட சிலையாக,உளி பட்ட சிலை,விழி பட்ட இடம்,விழி பட்ட இடம்
சின்ன சின்னதாய்,என் நெஞ்சை முட்களால் தைத்தாய்,முட்களால் தைத்தாய்,காதலியின் பார்வை,காதலியின் பார்வை
சின்ன சின்னதாய்,அடை மழையாய் வந்தாய்,அடை மழை,பெண்,
சின்ன சின்னதாய்,என் நிழலாய் வந்தாய்,நிழலாய்,பெண்,
கண்ணின் காந்தமே,கண்ணின் காந்தமே,காந்தமே,பெண்ணின் கண்,பெண்ணின் கண்
கண்ணின் காந்தமே,நீ இரண்டாம் தாயே,இரண்டாம் தாயே,பெண்,
தேவதையை கண்டேன்,தேவதையை கண்டேன்,தேவதை,பெண்,
தேவதையை கண்டேன்,ஒரு வண்ணத்துபூச்சி எந்தன் வழிதேடி வந்தது,வண்ணத்துபூச்சி,பெண்,
கண் பேசும் வார்த்தைகள்,கண்ணாடி இதயம் இல்லை,கண்ணாடி,இதயம்,இதயம்
நிஜமா நிஜமா,ஒரு மரங்கொத்தி பறவைமனம் கொத்தி போகுதே,மரங்கொத்தி பறவை,பெண்,
நிஜமா நிஜமா,வேற்று கிரகம் போலே இன்று எனக்கு எந்தன் வீடு ஆனதே,வேற்று கிரகம்,அவன் வீடு,அவன் வீடு
நிஜமா நிஜமா,முல்லையே,முல்லை,பெண்,
வைத்த கண்,வெண்ணிலா வேர்க்குது பாரம்மா,வெண்ணிலா,பெண்,
சாமிகிட்ட சொல்லிப்புட்டேன்,போட்ட காதல் கோலம்,கோலம்,காதல்,காதல்
சாமிகிட்ட சொல்லிப்புட்டேன்,நெஞ்சக் குளத்தில் படிஞ்ச காதல்,குளத்தில்,நெஞ்சு,நெஞ்சு
சக்க போடு,சவுக்கு கண்ணால,சவுக்கு,பெண்ணின் கண்,பெண்ணின் கண்
சக்க போடு,மீனுக்குஞ்சு போல துள்ளி,மீனுக்குஞ்சு,பெண்,
சக்க போடு,வடிச்ச சோறுபோலத்தான் ஆவி பறக்குற,வடிச்ச சோறு,காதலி,
தாவணி போட்ட தீபாவளி,தாவணி போட்ட தீபாவளி,தீபாவளி,பெண்,
தாவணி போட்ட தீபாவளி,பட்டாம் பட்டாம் பூச்சி,பட்டாம் பூச்சி,பெண்,
தாவணி போட்ட தீபாவளி,பம்பரத்த போல நானும் ஆடுறேனே,பம்பரத்த,ஆண்,
தாவணி போட்ட தீபாவளி,கிழக்கு மேல விளக்கு போல இருக்க வந்தாலே,விளக்கு,பெண்,
தாவணி போட்ட தீபாவளி,முறுக்கு போல உடைச்சு தின்னாலே,முறுக்கு,காதலன்,
தாவணி போட்ட தீபாவளி,ஆனாலும் நீ ஏஞ்சலு,ஏஞ்சலு,பெண்,
ஏனோ கண்கள்,நூறு கோடி மான்கள்ஓடும் வேகம் போலஇருதயம் துடிக்கிறதே,நூறு கோடி மான் ஓடும் வேகம்,இருதயம் துடித்தல்,இருதயம் துடித்தல்
ஏனோ கண்கள்,புரியாதொரு வேட்கைபூ போல மலர்கிறதா,வேட்கைபூ,புதியதொரு வேட்கை,புதியதொரு வேட்கை
ஏனோ கண்கள்,தொட்டால் தீ போல சுடுகிறதா,தீ,பெண்ணின் தொடுகை,பெண்ணின் தொடுகை
தாஜ்மஹால் ஓவிய காதல்,தாஜ்மஹால் ஓவிய காதல்,தாஜ்மஹால் ஓவிய,காதல்,காதல்
தாஜ்மஹால் ஓவிய காதல்,தேவதாஸ் காவிய காதல்,தேவதாஸ் காவிய,காதல்,காதல்
தாஜ்மஹால் ஓவிய காதல்,இந்த உறவு இறுதி வரைக்கும்இறைவன் போல் இங்கே வாழும்,இறைவன்,உறவு,உறவு
கருப்பான கையாலே,கோவப்பழமா கலரு,கோவப்பழமா,பெண்ணின் நிறம்,பெண்ணின் நிறம்
கருப்பான கையாலே,உருக்கி வச்ச இரும்பு போல உதடு,உருக்கி வச்ச இரும்பு,பெண்ணின் உதடு,பெண்ணின் உதடு
கருப்பான கையாலே,வெட்டும் புலி தீப்பெட்டிப்போல் கண்ணு,தீப்பெட்டி,பெண்ணின் கண்,பெண்ணின் கண்
காதல் வைத்து,காதல் என்னும் கடலுக்குள் நான் விழுந்தேன்,கடலுக்குள்,காதல்,காதல்
காதல் வைத்து,தேவதை,தேவதை,பெண்,
காதல் வைத்து,உன்னை கண்டநாள் ஒலி வட்டம் போல்உள்ளுக்குள்ளே சுழலுதடி,ஒலி வட்டம்,அவளை கண்ட நாள்,அவளை கண்ட நாள்
போகாதே,காலங்கள் யாவும் கனவாய்,கனவாய்,காலம்,காலம்
போகாதே,கண் தூங்கும்நேரம் பாா்த்து கடவுள் வந்து போனதுபோல் என் வாழ்வில் வந்தே,கண் தூங்கும்நேரம் பாா்த்து கடவுள் வந்து போனது,வாழ்வில் நுழைதல்,வாழ்வில் நுழைதல்
யாரோ,கொக்கை போல நாள்தோறும்ஒற்றை காலில் நின்றேன்,கொக்கை,ஆண்,
யாரோ,கண்மணி,கண்மணி,பெண்,
யாரோ,காற்றில் வைத்த சூடம் போலேகாதல் தீர்ந்து போகாது,காற்றில் வைத்த சூடம்,காதல்,காதல்
யாரோ,உந்தன் ஆடை காயப் போடும்உந்தன் வீட்டு கம்பி கொடியாய்என்னை எண்ணினேன்,கம்பி கொடியாய்,ஆண்,
பேசுகிறேன்,பேசுகிறேன் பேசுகிறேன்உன் இதயம் பேசுகிறேன்,உன் இதயம்,ஆண்,
அழகு குட்டி செல்லம்,நீ என் மின்மினி,மின்மினி,குழந்தை,
அழகு குட்டி செல்லம்,ரோஜா பூ கை ரெண்டும்,ரோஜா பூ,குழந்தை கை,குழந்தை கை
அரபு நாடே,என் கண்மணி,கண்மணி,பெண்,
அரபு நாடே,கவிஞன் உமர்கயாமின் கவிதையா,கவிஞன் உமர்கயாமின் கவிதையா,பெண்,
அரபு நாடே,என்னுடைய பார்வை கழுகு பார்வை தெரிஞ்சுக்கோ,கழுகு பார்வை,ஆணின் கண் கூர்மை,ஆணின் கண் கூர்மை
அரபு நாடே,வெண்ணிலாவின்தேகம் மூடும் மேகம்,வெண்ணிலா,பெண்,
பறவையே எங்கு இருக்கிறாய்,பறவையே எங்குஇருக்கிறாய்,பறவையே,பெண்,
பறவையே எங்கு இருக்கிறாய்,நீ போட்ட கடிதத்தின்வரிகள் கடலாக ,கடலாக,கடிதத்தின் வரிகள்,கடிதத்தின் வரிகள்
பறவையே எங்கு இருக்கிறாய்,அதில்மிதந்தேனே பெண்ணேநானும் படகாக,படகாக,,
பறவையே எங்கு இருக்கிறாய்,ஏழை காதல்மலைகள் தன்னில்தோன்றுகின்ற ஒரு நதியாகும்,நதியாகும்,ஏழை காதல்,ஏழை காதல்
எங்கேயோ பார்த்த மயக்கம்,தேவதை இந்த சாலை ஓரம்,தேவதை,பெண்,
எங்கேயோ பார்த்த மயக்கம்,கண் திறந்து இவள்பார்க்கும் போது கடவுளைஇன்று நம்பும் மனது,கடவுளைஇன்று நம்பும் மனது,பெண்,
எங்கேயோ பார்த்த மயக்கம்,கண்கள் திறக்காத சிற்பம்,சிற்பம்,பெண்,
எங்கேயோ பார்த்த மயக்கம்,ஆண் மனதை அழிக்க வந்த சாபம்,சாபம்,பெண்,
ஒரு நாளுக்குள்,உன் பார்வையில் விழுகின்ற பொழுது தொடு வானத்தைத் தொடுகின்ற உணர்வு,தொடு வானத்தைத் தொடுகின்ற உணர்வு,அவள் பார்வையில் விழுகிற பொழுது,அவள் பார்வையில் விழுகிற பொழுது
ஒரு நாளுக்குள்,இது ஏதோ புரியா உணர்வுஇதைப் புரிந்திட முயன்றிடும் பொழுது ஒரு பனிமலை... ஒரு எரிமலை...,ஒரு பனிமலை... ஒரு எரிமலை...,குழப்ப மனநிலை,குழப்ப மனநிலை
வெண்மேகம்,வெண்மேகம் பெண்ணாக உருவானதோ,வெண்மேகம்,பெண்,
வெண்மேகம்,மஞ்சள் வெயில் நீ,மஞ்சள் வெயில்,பெண்,
வெண்மேகம்,மின்னல் ஒளி நீ,மின்னல் ஒளி,பெண்,
வெண்மேகம்,விழி அசைவில் வலை விரித்தாய்,வலை விரித்தாய்,பெண்ணின் விழி அசைவு,பெண்ணின் விழி அசைவு
காற்றுக்குள்ளே,காற்றுக்குள்ளே வாசம் போல வந்தாய்,காற்றுக்குள்ளே வாசம்,பெண்,
காற்றுக்குள்ளே,எனக்குள் நீ காட்டுக்குள்ளேமழையை போலே அடஉனக்குள் நான்,காட்டுக்குள்ளேமழையை,உனக்குள் நான்,உனக்குள் நான்
சிறகுகள் வந்தது,ஓ நதியே நீ எங்கேஎன்று கரைகள் தேட கூடாதா,நதியே,பெண்,
சிறகுகள் வந்தது,நிலவே நீ எங்கே என்றுமுகில்கள் தேட கூடாதா,நிலவே,பெண்,
சிறகுகள் வந்தது,மழை இரவினில்குயிலின் கீதம் துடிப்பதையார் அறிவார்,குயிலின் கீதம் துடிப்பதை,ஆணின் காதல்,ஆணின் காதல்
ஏதோ செய்கிறாய்,இந்த நெருப்பு மயக்கமாய் இருக்கிறதே,நெருப்பு,நினைவுகள்,நினைவுகள்
துளி துளி துளி,மழையாய் வந்தாளே,மழை,பெண்,
துளி துளி துளி,பூப்போல் சிரிக்கும்போது,பூ,பெண் சிரித்தல்,பெண் சிரித்தல்
துளி துளி துளி,தேவதை அவள் ஒரு தேவதை,தேவதை,பெண்,
அடடா மழைடா,மயில் தோக போல இவ மழையில் ஆடும் போது,மயில் தோக,பெண் ஆடுதல்,பெண் ஆடுதல்
அடடா மழைடா,ரயில் பாலம் போல என் மனசும் ஆடும் பாரு,ரயில் பாலம்,ஆணின் மனது,ஆணின் மனது
அடடா மழைடா,மந்திரம் போல இருக்கு,மந்திரம்,காதலியுடனான பொழுதுகள்,காதலியுடனான பொழுதுகள்
அடடா மழைடா,புது தந்திரம் போல இருக்கு,புது தந்திரம்,காதலியுடனான பொழுதுகள்,காதலியுடனான பொழுதுகள்
அடடா மழைடா,பம்பரம் போல எனக்குதல மத்தியில் சுத்துது கிறுக்கு,பம்பரம்,தலை சுற்றுதல்,தலை சுற்றுதல்
அடடா மழைடா,தேவதை எங்கே,தேவதை,பெண்,
அடடா மழைடா,பட்டாம்பூச்சி பொண்ணு,பட்டாம்பூச்சி,பெண்,
அடடா மழைடா,பூவும் இவளும் ஒண்ணு,பூ,பெண்,
என் ஜன்னல் வந்த,கவிதை கொஞ்சும் குயிலே,குயிலே,பெண்,
என் ஜன்னல் வந்த,சிறு அணிலே,சிறு அணிலே,பெண்,
என் ஜன்னல் வந்த,சாக்லேட் பேபி நானே,சாக்லேட் பேபி,ஆண்,
என் ஜன்னல் வந்த,டாலர் கொட்டும் மீனே,டாலர் கொட்டும் மீனே,பெண்,
இதுவரை இல்லாத,வந்து வந்து கலக்கும்வெண்மேகமும்வெண்ணிலவும் போலஎந்தன் மன எண்ணங்களையார் அறிவார்,வெண்மேகமும்வெண்ணிலவும்,மன எண்ணங்கள்,மன எண்ணங்கள்
ஒரு பைத்தியம்,பூவாக பூத்தாயடி,பூ,பெண்,
என் நெஞ்சில்,குடை போலவே சாய்ந்தேன்,குடை,பெண் சாய்தல்,பெண் சாய்தல்
வா வா நிலவை,வா வா நிலவை புடிச்சுத் தரவாவெள்ளி பொம்மையாக்கி தரவா,வெள்ளி பொம்மை,நிலவு,நிலவு
வா வா நிலவை,ஒரு வட்டம்போலே வாழ்வாகும்,வட்டம்,வாழ்வு,வாழ்வு
வா வா நிலவை,அந்த வானம் போலே உறவாகும்,வானம்,உறவு,உறவு
இறகை போலே,இறகை போலே அலைகிறேனே,இறகை,ஆண்,
இறகை போலே,மின்னல் போலே தொட்டு சென்றதே,மின்னல்,பெண்ணின் தொடுகை,பெண்ணின் தொடுகை
இறகை போலே,நீ என்னை காண்பதே வானவில் போன்றதே,வானவில்,உன்னை காண்தல்,உன்னை காண்தல்
யார் இந்த பெண்,தோட்டத்தில் மலர்ந்த பூவாக,பூ,பெண்,
யார் இந்த பெண்,கூடத்தில் இவள் பாடும்ராகத்தில் அதிகாலைசூரியனை பார்பேன்,அதிகாலைசூரியனை,பெண் பாடும் ராகம்,பெண் பாடும் ராகம்
யார் இந்த பெண்,பெண் நெஞ்சம் புதையலை போல,புதையலை,பெண் நெஞ்சம்,பெண் நெஞ்சம்
வெளிச்ச பூவே,மின்சாரம் போல வந்தாயே,மின்சாரம்,காதலி,
வெளிச்ச பூவே,உயிர் தீட்டும் உயிலே,உயிலே,காதலி,
வெளிச்ச பூவே,குளிர் நீக்கும் வெயிலே,வெயிலே,காதலி,
வெளிச்ச பூவே,காதல் ஒரு ஜொரம்,ஜொரம்,காதல்,காதல்
வெளிச்ச பூவே,கை கால்கள் முளைத்த ஹைகூவே,ஹைகூவே,காதலி,
வெளிச்ச பூவே,ஜவ்வாது மனதை,ஜவ்வாது,பெண்ணின் மனது,பெண்ணின் மனது
வெளிச்ச பூவே,ஈச்சம் பூவே தொடு,ஈச்சம் பூவே,காதலி,
நீ யாரோ,குல சாமி இவன்,குல சாமி,காதலன்,
நீ யாரோ,இவன் ஆதி சிவன்,ஆதி சிவன்,காதலன்,
நீ யாரோ,நிழல் போல நடந்தாயோ,நிழல்,பெண்ணின் நடை,பெண்ணின் நடை
கண்ணான கண்ணே,கண்ணான கண்ணே நீ,கண்ணே,காதலி,
கண்ணான கண்ணே,என் உயிரே என் உயிரே,உயிரே,காதலி,
கண்ணான கண்ணே,கடல் அலை போல உன் கால் தொட்டு உரசி,கடல் அலை,காதலன்,
கண்ணான கண்ணே,கடல் மண்ண போல உன் காலோட ஒட்டி,கடல் மண்,காதலன்,
சிரிக்காதே,என் நெஞ்சம் தீயே,தீ,நெஞ்சம்,நெஞ்சம்
சிரிக்காதே,அடை மழையே நனையத் தெரியாதா,அடை மழை,காதலி,
சிரிக்காதே,மலர் குடையே மறையத் தெரியாதா,மலர் குடை,காதலி,
சிரிக்காதே,பகல் நிலவே என்னைத் தெரியாதா,பகல் நிலவே,காதலி,
காதலாட,தேன்மழை,தேன்மழை,காதலி,
காதலாட,ஆசை நூலில் பாசம் பூக்கள் கோர்த்திருந்தேனே,நூலில்,ஆசை,ஆசை
காதலாட,பொய்யாத பேரருள் நீயே,பேரருள்,காதலி,
காதலாட,பொல்லாத போர்களில் உன் வேர்வையாக பூத்திருப்பேனே,வேர்வையாக,காதலி,
காதலாட,நில்லாத ஓடையாய் உன் கைபிடித்து ஓடுகின்றேனே,நில்லாத ஓடை,காதலி,
காதலாட,ஆலகால நஞ்சு பாய்ந்தது மெல்ல மீள்வோமே,ஆலகால நஞ்சு,துன்பம்,துன்பம்
மறக்கவில்லையே,உன் போர்வையாக என்னை போற்றி கொண்டதும்,போர்வை,காதலன்,
மறக்கவில்லையே,நீ என் உலக அழகியே,உலக அழகியே,காதலி,
அந்த கண்ண பார்த்தாக்கா,அழகன்தான் அவன்தான்,அழகன்,காதலன்,
அந்த கண்ண பார்த்தாக்கா,பூப் போல மனசு,பூ,பெண்ணின் மனது,பெண்ணின் மனது
அந்த கண்ண பார்த்தாக்கா,மத்தாப்பு சிரிப்பு,மத்தாப்பு,பெண்ணின் சிரிப்பு,பெண்ணின் சிரிப்பு
அந்த கண்ண பார்த்தாக்கா,பட்டாசு பார்வை,பட்டாசு,பார்வை,பார்வை
வாத்தி கமிங்,வாத்தி கம்மிங் ஒத்து,ஒத்து,ஆண்,
நீ பார்த்த விழிகள்,உன்னை நிலவினில் கண்டேன்,நிலவினில்,பெண்,
நீ பார்த்த விழிகள்,அனலின்றி குளிர் வீசும் இது எந்தன் சிறை வாசம்,குளிர்,மேனி,மேனி
பீஸ்ட் மோட்,திரை தீ பிடிக்கும் வெடி வெடிக்கும் ஒருத்தன் வந்தா பட நடுங்கும்,திரை தீ பிடிக்கும் வெடி வெடிக்கும்,திரை,திரை
பீஸ்ட் மோட்,சில பேரின் பெயர் தான் ஒரு ஆளுமை பெருமானே,சில பேரின் பெயர்,பெயர்,பெயர்
போர் கண்ட சிங்கம்,இமைபோல உனை காக்கநான் தேய்கிறேன்,இமை,பெண்,
Private Party,என்ன கொன்னாளேஅவ கியூட்-ஆனா டான்ஸாலே,கொன்னாளே,சிரிப்பு,சிரிப்பு
டிப்ப டப்பம் டிப்பம் டப்பம்,ரத்தினமே,ரத்தினம்,பெண்,
இனி நான் உன்னைஎன் கண்ணைப்போல,கண்ணே,கண்ணே,பெண்,
அடி அழகா சிரிச்ச முகமே,அவளுக்கு பிடித்தஒருவகை சேவகன் ஆனேன்,சேவகன்,பெண்,
எடக்கு மொடக்கு,மச்சான் என்றும் நன்றி மறவா நாய்,நாய்,மனிதன்,மனிதன்
நான் பகல் இரவு,ஓ நான் பகல் இரவுநீ கதிா் நிலவு,நிலவு,பெண்,
உன் விழிகளில்,காற்று வீசும் திசை எல்லாம்நீ பேசும் சத்தம் கேட்டேனே,காற்று வீசும் திசை எல்லாம்நீ பேசும் சத்தம்,சத்தம்,சத்தம்
ரெண்டு காதல்,நீ விட்டு போகாதேஉயிரும் உறைந்து போகும்,உயிரும் உறைந்து போகும்,உயிர்,உயிர்
டூ டூ டூ,ஒரு ஜோடியாக ஒண்ணாயிருக்க நினைக்க நீ என்ன லார்டு முருகனா,லார்டு முருகனா,ஆண்,
என் விரல் இடுக்குல,என் உயிரோட ஆதாரம் நீ,ஆதாரம்,பெண்,
நாயகன் மீண்டும் வர,இவன் அடையாளம்அது கடல் ஆகும்,கடல்,அடையாளம்,அடையாளம்
இந்த பூமியில எப்ப வந்து நீ பொறந்த,மனச தாடி என் மணி குயிலே,மணி குயிலே,பெண்,
இந்த பூமியில எப்ப வந்து நீ பொறந்த,அக்கினி பழமுன்னு,அக்கினி பழமுன்னு,பெண்,
கோடு போட்டா,எங்க காத்து மீன்சுட்ட வாசம்,மீன்சுட்ட வாசம்,காற்று,காற்று
நெஞ்சுக்குள்ள,இத தாங்காத மனசு தண்ணி பட்ட கண்ணாடி,தண்ணி பட்ட கண்ணாடி,மனசு,மனசு
இரும்பிலே ஒரு இருதயம்,பெண் பூவே உன்னோடு,பூ,பெண்,
இரும்பிலே ஒரு இருதயம்,உன் கையில் பொம்மையாவேன்,பொம்மை,ஆண்,
புதிய மனிதா,என் எந்திரன் இவன் அமரன்,அமரன்,ஆண்,
அரிமா அரிமா,இந்த எந்திரன் என்பவன் படைப்பின் உச்சம்,படைப்பின் உச்சம்,ஆண்,
அன்பில் அவன்,அந்த வானம் வீடாக,வானம்,வீடு,வீடு
கண்ணுக்குள் கண்ணை ஊற்றி கொண்டே,நான் உன் வானின் நிலா,வானின் நிலா,பெண்,
"உன்னால் உன்னால் உன்னால்
 பேரன்பே",காசியில்வீசிய வாசனை எல்லாம் காதலி உன் குழல் வாசம்,குழல் வாசம்,பெண்,
ஒளியாக வந்தாய்,என் இதய கண்ணை திறந்தேனே,இதய கண்,ஆண்,
எரிமலை நானே,எரிமலை நானே,எரிமலை,ஆண்,
எரிமலை நானே,என் சோளக்கொல்லை பொம்மையே,சோளக்கொல்லை பொம்மை,ஆண்,
கூ கூ என ஒரு குயில் தேடிடா,சிறகில்லா தேவதை நீ,சிறகில்லா தேவதை,பெண்,
கூ கூ என ஒரு குயில் தேடிடா,தரை வந்த தாமரை நீ,தரை வந்த தாமரை,பெண்,
தாலியே தேவ இல்ல நீதான் என் பொஞ்சாதி,நீ தாய்மாமன் சீதனமே,தாய்மாமன் சீதனமே,பெண்,
புத்தம் புது காத்துதான்,நானும் ஒரு மீனானேன்,மீனானேன்,ஆண்,
ஓடும் வரையில்,எனக்குள் மழையாய் பெய்தாய்,மழை,பெண்,
ஓடும் வரையில்,காதல் சிற்பம் நீ செய்தாய்,சிற்பம்,காதல்,காதல்
"ஒரு தேவதை பார்க்கும்
 நேரம் இது",ஒரு தேவதை பார்க்கும் நேரம் இது,தேவதை,பெண்,
எங்கேப்போவது,தூண்டில் புழுவென ஆனாய்,தூண்டில் புழு,ஆண்,
என் ஜன்னல் வந்த காற்றே,நான் கால்கள் கொண்ட தென்றல்,கால்கள் கொண்ட தென்றல்,பெண்,
என் ஜன்னல் வந்த காற்றே,நடமாடும் சாலை மின்னல்,நடமாடும் சாலை மின்னல்,பெண்,
என் ஜன்னல் வந்த காற்றே,நான் கூந்தல் கொண்டமேகம்,நான் கூந்தல் கொண்டமேகம்,பெண்,
பிஞ்சு பிஞ்சு மழை பேசுவதென்ன,அன்னக்கொடி அவள்,அன்னக்கொடி,பெண்,
பிஞ்சு பிஞ்சு மழை பேசுவதென்ன,கதிர் ஒளி அவள் வார்த்தையே,கதிர் ஒளி,பெண் வார்த்தை,பெண் வார்த்தை
பிஞ்சு பிஞ்சு மழை பேசுவதென்ன,கலங்கரை அவள் பார்வையே,கலங்கரை,பெண் பார்வை,பெண் பார்வை
மதுர வீரன் அழகுல,வாடி என் கருப்பட்டி,கருபட்டி,பெண்,
மதுர வீரன் அழகுல,தங்கமே உன்ன தூக்கித்தான்,தங்கமே,பெண்,
யார் அந்த ஓவியத்தை நடமாட வைத்ததோ,அயில மீன் கண்ணே கண்ணு,அயில மீன் கண்,பெண்னின் கண்,பெண்னின் கண்
என்னோடு வா பேரழகே,நீயே எந்தன் காதல் எல்லையே,காதல் எல்லை,பெண்,
ஆயிரம் முகங்கள் சேர்ந்துதான்,சூரிய பந்தொன்று உண்டானதே,சூரிய பந்தொன்று,சூரியன்,சூரியன்
எந்தப்பக்கம் காணும்போதும்,நீ தாய்ப்பால் மழையாய் வந்தாய்,தாய்ப்பால் மழை,பெண்,
அடி அழகே அழகே,நீ என்னுடைய தேவதை,தேவதை,பெண்,
ஆம்பளைக்கும் பொம்பளைக்கும் அவசரம்,காதல் எல்லாமே ஒரு கண்ணாம்பூச்சி,கண்ணாம்பூச்சி,காதல்,காதல்
அடடா வா அசத்தலாம்,வாழ்க்கை ஒரு பூ,பூ,வாழ்க்கை,வாழ்க்கை
நீதானே நீதானே என் நரம்புக்குள் ஓடினாய்,இதய சதுக்கம் நடுங்குதே,சதுக்கம்,இதயம்,இதயம்
இதழின் ஒரு ஓரம்,நீதான் என் குறிஞ்சிப் பூ,குறிஞ்சிப் பூ,பெண்,
இதழின் ஒரு ஓரம்,ஓ பெண்ணே என் கண்ணே,என் கண்,பெண்,
இதழின் ஒரு ஓரம்,செந்தேனே,செந்தேனே,பெண்,
ஹேய் சத்தியமா நீ எனக்கு தேவையே இல்ல,ராணி நீ தான்டி,ராணி,பெண்,
ஐலசா ஐலே ஐலசா,பாவி இதயத்த காத்தாடி ஆக்கி புட்டா,காத்தாடி,இதயம்,இதயம்
ஓ பெண்ணே பெண்ணே என் கண்ணே,உன் கையிலே நான் நூல் பொம்மையே,நூல் பொம்மை,ஆண்,
ஹேய் ராயபுரம் பீட்டரு,அக்மார்க்கு தங்கம் நானே,அக்மார்க்கு தங்கம்,ஆண்,
தங்கமே உன்னத்தான்,தங்கமே உன்னத்தான்,தங்கமே,பெண்,
தங்கமே உன்னத்தான்,வைரமே,வைரமே,பெண்,
தங்கமே உன்னத்தான்,என் கனவுல செஞ்சுவெச்ச சிலையே,சிலையே,பெண்,
தங்கமே உன்னத்தான்,கொடியே,கொடி,பெண்,
காதல் கண் கட்டுதே,அன்பே அன்பே மழையும் நீ தானே,மழை,பெண்,
காதல் கண் கட்டுதே,கண்ணே கண்ணே வெயிலும் நீ தானே,வெயிலும்,பெண்,
காதல் கண் கட்டுதே,விளக்காக உணா்ந்தேனே உன்னை நானே,விளக்காக,பெண்,
என்ன சொல்ல ஏது சொல்ல,நெஞ்சில் முத்து முத்தா வோ்க்க,முத்து முத்தா,வியர்வை,வியர்வை
டானு டானு டானு,நா உன்னோட கோல்ட் மீனு,கோல்ட் மீனு,பெண்,
டானு டானு டானு,நான் உன்னோட கேஃபின்னு,கேஃபின்னு,பெண்,
ஆத்தி என நீ,தூசி என கண்ணில் விழுந்து ஆருயிரில் கலந்தாயே,தூசி என கண்ணில் விழுந்து,பெண்,
பக்கம் வந்து கொஞ்சம் முத்தங்கள்,பெண்ணே எந்தன் உலகம் நீதான்,உலகம்,பெண்,
யார் பெற்ற மகனோ,இந்த ஊர் கும்பிடும் குல சாமி இவன்,ஊர் கும்பிடும் குல சாமி,ஆண்,
யார் பெற்ற மகனோ,கண்ணீர் மழை வருமே,மழை,கண்ணீர்,கண்ணீர்
போற போக்கில் ஒரு லுக்க விட்டு,எனக்குன்னு இறங்குன தேவதை,தேவதை,பெண்,
உன்னோடு வாழ்வதே ஆனந்தமே,பிள்ளை தெய்வம் மண்ணில் தோன்றிட,பிள்ளை தெய்வம்,பெண்,
வெறியேற விதி மாற,நீ தீயின் சேய்யடா,தீயின் சேய்,ஆண்,
இறைவா என் இறைவா,பொன் சிலையே நீ,பொன் சிலை,ஆண்,
உன் கை நாளை உயராதோ,உனது கை விரல் உளிகள் ஆகுதே,உளிகள்,கை விரல்,கை விரல்
பேட்ட பராக்,மொரட்டு காளை இவன்,மொரட்டு காளை,ஆண்,
திசை திரும்பி நாளும்,அம்பு விட்ட வேடன் நீதான்,அம்பு விட்ட வேடன்,ஆண்,
திசை திரும்பி நாளும்,கண்ணில் காணும் பிம்பம் ஏதும் நீதான்,கண்ணில் காணும் பிம்பம்,ஆண்,
திசை திரும்பி நாளும்,பிம்பம் காட்டும் பாதை நீதான்,பிம்பம் காட்டும் பாதை,ஆண்,
திசை திரும்பி நாளும்,நீயே விதை,விதை,ஆண்,
திசை திரும்பி நாளும்,நீயே மழை,மழை,ஆண்,
தரம் மாறா சிங்கள் நானடி,வால் இல்லாத வானரம்,வால் இல்லாத வானரம்,ஆண்,
தரம் மாறா சிங்கள் நானடி,என் முல்லையே,முல்லை,பெண்,
தரம் மாறா சிங்கள் நானடி,நீ தேவையே,தேவை,பெண்,
அவள் முகம் பார்த்து,உயிர் கொண்ட சிலை ஆகுறேன்,உயிர் கொண்ட சிலை,ஆண்,
சிநேகிதனே,பூப்பறிக்கும் பக்தன் போல,பூப்பறிக்கும் பக்தன்,ஆண்,
சிநேகிதனே,உன் நித்திலப்பூ மடியில்,நித்திலப்பூ,பெண்ணின் மடி,பெண்ணின் மடி
தனியே தன்னன் தனியே,பால்மழை பொழிந்தது,பால்மழை,நிலா வெளிச்சம்,நிலா வெளிச்சம்
என்ன என்ன,பட்டுப்பொண்ணு வெக்கத்துல,பட்டு,பெண்,
என்ன என்ன,பொன்சிரிப்பு,பொன்,சிரிப்பு,சிரிப்பு
என்ன என்ன,சூரியன ஆறவெச்சு ஒஹொ நெத்திப்பொட்டா வெச்சிக்கிட்டா,சூரியன,நெத்திப்பொட்டு,நெத்திப்பொட்டு
என்ன என்ன,சுத்திவரும் பூமியத்தான் மூக்குத்தியா,பூமி,மூக்குத்தி,மூக்குத்தி
என்ன என்ன,நட்சத்திரப் பூவையெல்லாம்,நட்சத்திரப்,பூ,பூ
கேட்டேனா நான்,முண்டாசு கவிஞன் சொன்ன கண்ணமாவா,கண்ணமா,பெண்,
கேட்டேனா நான்,நான் கற்ற அறிவியலில் உன்னைப்போல் அதிசயம் இல்லை,அதிசயம்,பெண்,
கேட்டேனா நான்,நான் தான் அந்த ஐன்ஸ்டீன் னா,ஐன்ஸ்டீன்,ஆண்,
கேட்டேனா நான்,கண்ணை ஒரு கல்லைப்போல,கல்,பெண்ணின் கண்,பெண்ணின் கண்
கேட்டேனா நான்,காற்றினில் வைத்த கற்பூரம் போல்,காற்றினில் வைத்த கற்பூரம்,பெண்ணின் அன்பு,பெண்ணின் அன்பு
மருதாணி விழியில்,மருதாணி விழியில்,மருதாணி,பெண்ணின் விழி,பெண்ணின் விழி
மருதாணி விழியில்,நகம் எல்லாம் பொக்கிஷம் போலே,பொக்கிஷம்,நகம்,நகம்
மருதாணி விழியில்,அவன் நெஞ்சம் தாய்பால் போலே எந்நாளும் பரிசுத்தம்,தாய்ப்பால்,நெஞ்சம்,நெஞ்சம்
காட்டுச் சிறுக்கி,காட்டுச் சிறுக்கி,காட்டு சிறுக்கி,பெண்,
காட்டுச் சிறுக்கி,ஏர் கிழிச்ச தடத்து வழி நீர் கிழிச்சு போவது போல் நீ கிழிச்ச கோட்டு வழி நீளுதடி எம்பொழப்பு,ஏர் கிழிச்ச தடத்து வழி நீர் கிழிச்சு போவது,"நீ கிழிச்ச கோட்டு
 வழி நீளும் எம்பொழப்பு","நீ கிழிச்ச கோட்டு
 வழி நீளும் எம்பொழப்பு"
காட்டுச் சிறுக்கி,ஊரான் காட்டு கனியே,ஊரான் காட்டு கனியே,பெண்,
என்னை விட்டு உயிர் போனாலும்,நீ இல்லா நேரம் அது நிலவே இல்லா வானமே,நிலவே இல்லா வானமே,காதலன்,
யாரும் இல்லா பொன் நேரமே,துருவென இருந்தேன் துணியென மடித்தாய்,துணியென மடித்தாய்,ஆண்,
பிஞ்சு பிஞ்சு மழை,உன் கை விரலே ஒரு தூரிகையாய் தீட்டிடுதே என்னை ஓவியமாய்,தூரிகையாய்,கைவிரல்,கைவிரல்
போகாதே போகாதே,பெண்ணை நீ இல்லாமல் பூலோகம் இருட்டிடுதே,பூலோகம் இருட்டிடுதே,பெண் இல்லாத ஆண்,பெண் இல்லாத ஆண்
போகாதே போகாதே,நடைபாதை விளக்கா காதல் விடிந்தவுடன் அணைப்பதற்கு,நடைபாதை விளக்கா,காதல்,காதல்
இரவா பகலா,நிலவின் முதுகும் பெண்ணின் மனதும் என்றும் ரகசியம் தானா,நிலவின் முதுகும்,பெண்ணின் மனது,பெண்ணின் மனது
ஓ சென்யோரீட்டா,பேசும் மெழுகு பொம்மையே,மெழுகு பொம்மையே,பெண்,
ஓ சென்யோரீட்டா,மஞ்சள் நிற மலர்,மஞ்சள் நிற மலர்,பெண்,
ஓ சென்யோரீட்டா,உந்தன் கூந்தல் முடி கொஞ்சம் அசைகின்றது அந்த அசைவுக்கு நடனங்கள் இணையில்லையே,நடனங்கள்,கூந்தல் முடி,கூந்தல் முடி
ஓ சென்யோரீட்டா,சிற்பம் கவிதை ஓவியம் மூன்றும் சேரும் ஓரிடம்,சிற்பம் கவிதை ஓவியம்,பெண்,
மதுரை வீரன் அழகுல,ஆந்தை முழிக்காரியே,ஆந்தை ,பெண்ணின் கண்,பெண்ணின் கண்
உலகம் ஒரு புள்ளி ஆகுது,விழி நனைந்திடும் நேரம் பார்த்து இமை விலகிவிடாது,விழி நனைந்திடும் நேரம்,சோகம் கொண்ட காதலன்,சோகம் கொண்ட காதலன்
நீதானே நீதானே,என் விழியின் கருமணியில் தேடிப்பார் உன் காலடி தடங்களை காட்டுமே,விழியின் கருமணியில் காலடி தடங்களை,காதலன்,
நீதானே நீதானே,நீ இரவில் வெயிலாய் இருக்கிறாய்,இரவில் வெயிலாய்,பெண்,
கதற கதற கதற,பகல் மேல பால் தெளிச்சி உருவான ஓவியமே,பகல் மேல பால் தெளிச்சி உருவான ஓவியமே,பெண்,
கதற கதற கதற,பாப்பாளி பழமே,பாப்பாளி பழமே,பெண்,
கதற கதற கதற,பட்டாசா வெடிக்கறியே,பட்டாசா,பெண்,
அம்மா என் முகவரி நீ,நான் வாழ்ந்த முதல் அறை நீ,வாழ்ந்த முதல் அறை,தாயின் கருவறை,தாயின் கருவறை
அம்மா என் முகவரி நீ,சிறகுகள் வளர்த்து பறக்க வைத்தாய்,சிறகுகள் வளர்த்து பறக்க வைத்தாய்,மகன்,மகன்
அம்மா என் முகவரி நீ,இமைகளுக்குள்ளே அடைகாத்தாய்,இமைகளுக்குள்ளே அடைகாத்தாய்,தாய்,தாய்
அம்மா என் முகவரி நீ,உன் வாழ்க்கையின் மேல் என் வாழ்க்கையினை வரைந்து வைத்தாயே,உன் வாழ்க்கையின் மேல் என் வாழ்க்கையினை வரைந்து வைத்தாயே,தாய்,தாய்
அம்மா என் முகவரி நீ,ஒரு தோல்வி என்னை தொடும்போது என் தோளை வந்து தொடுவாயே,ஒரு தோல்வி என்னை தொடும்போது,தோளை வந்து தொடுவாயே,தோளை வந்து தொடுவாயே
மதுர பொண்ணு,மல்லிக பூ மரிகொழுந்து,மல்லிக பூ மரிகொழுந்து,பெண்,
மதுர பொண்ணு,ஊசி குத்துர கண்ணால்,ஊசி குத்துர,பெண்ணின் கண்,பெண்ணின் கண்
அடி ஆத்தாடி,இளமனசொன்னு இறக்கை கட்டிப் பறக்குது,இறக்கை கட்டிப் பறக்குது,இளமனசு,இளமனசு
அடி ஆத்தாடி,ஒரு அலை வந்து மனசில அடிக்குது,அலை வந்து மனசில அடிக்குது,காதல்,காதல்
அடி ஆத்தாடி,உன்னைப் பாத்து அலைகள் எல்லாம் மெட்டுக்கட்டிப் பாடாதோ,அலைகள் எல்லாம் மெட்டுக்கட்டிப் பாடாதோ,பெண்,
அடி ஆத்தாடி,படபடக்கும் நெஞ்சுக்குள்ள பட்டாம்பூச்சி பார்த்தாயோ,பட்டாம்பூச்சி,படபடக்கும் நெஞ்சு,படபடக்கும் நெஞ்சு
அடி ஆத்தாடி,பொன்மானே,பொன்மானே,பெண்,
ராசாத்தி உன்னை,ராசாத்தி உன்னை காணாத நெஞ்சு காத்தாடி போலாடுது,காத்தாடி,ஆணின் மனது,ஆணின் மனது
ராசாத்தி உன்னை,கண்ணுக்கொரு வண்ணக்கிளி காதுக்கொரு கானக் குயில் நெஞ்சுக்கொரு வஞ்சிக்கொடி நீதானம்மா,வண்ணக்கிளி கானக் குயில் வஞ்சிக்கொடி,பெண்,
ராசாத்தி உன்னை,நீதானே கண்ணே நான் வாங்கும் மூச்சு,நீதானே கண்ணே நான் வாங்கும் மூச்சு,பெண்,
ராசாத்தி உன்னை,மங்கை ஒரு கங்கை,கங்கை,மங்கை,மங்கை
ராசாத்தி உன்னை,மன்னன் ஒரு கண்ணன்,கண்ணன்,மன்னன்,மன்னன்
தேனே தென்பாண்டி மீனே,தேனே தென்பாண்டி மீனே,தேனே தென்பாண்டி மீனே,பெண்,
தேனே தென்பாண்டி மீனே,மானே இளமானே,மானே இளமானே,பெண்,
சங்கீத மேகம்,சங்கீத மேகம்,சங்கீத,மேகம்,மேகம்
சங்கீத மேகம்,தேன் சிந்தும் நேரம்,தேன் சிந்தும்,நேரம்,நேரம்
சங்கீத மேகம்,ஆகாயம் பூக்கள் தூவும் காலம்,ஆகாயம் பூக்கள் தூவும்,காலம்,காலம்
சங்கீத மேகம்,எந்தன் மூச்சும் இந்த பாட்டும் அணையா விளக்கே,அணையா விளக்கே,எந்தன் மூச்சும் இந்த பாட்டும்,எந்தன் மூச்சும் இந்த பாட்டும்
காத்திருந்து காத்திருந்து,முக்குளிச்சு நானெடுத்த முத்துச்சிப்பி நீதானே,முக்குளிச்சு நானெடுத்த முத்துச்சிப்பி,பெண்,
காத்திருந்து காத்திருந்து,முத்தெடுத்து நெஞ்சுக்குள்ள பத்திரமா வெச்சேனே,முத்து,பெண்,
காத்திருந்து காத்திருந்து,நீரு நிலம் நாலு பக்கம் நான் திரும்பி பாத்தாலும் அந்தப்பக்கம் இந்தப்பக்கம் அத்தனையும் நீயாகும்,நீரு நிலம் நாலு பக்கம் நான் திரும்பி பாத்தாலும் அந்தப்பக்கம் இந்தப்பக்கம் அத்தனையும் நீயாகும்,பெண்,
காத்திருந்து காத்திருந்து,ஆலையிட்ட செங்கரும்பா ஆட்டுகிற எம் மனச,ஆலையிட்ட செங்கரும்பா,ஆணின் மனம்,ஆணின் மனம்
காத்திருந்து காத்திருந்து,உள்ளமும் புண்ணாச்சு,புண்,உள்ளம்,உள்ளம்
ஆகாசம் கண்ணுக்குள்ள,ஆகாசம் கண்ணுக்குள்ள கருவாகி வந்த புள்ள,ஆகாசம் கண்ணுக்குள்ள கருவாகி வந்த புள்ள,பெண்,
சண்டியரே சண்டியரே,அடங்காத காளையை போல்,அடங்காத காளை,ஆணின் மனம்,ஆணின் மனம்
"பொன் வானம்
 பன்னீர் தூவுது இந்நேரம்",பொன் வானம் பன்னீர் தூவுது இந்நேரம்,பொன் வானம்,நேரம்,நேரம்
"பொன் வானம்
 பன்னீர் தூவுது இந்நேரம்",மலர் அம்புகள்,மலர்,அம்புகள்,அம்புகள்
"பொன் வானம்
 பன்னீர் தூவுது இந்நேரம்",இந்த வெள்ளை மல்லிகை தேவ கன்னிகை தானமா,வெள்ளை மல்லிகை,பெண்,
ஓஹோ மேகம் வந்ததோ,நாம் எல்லோருமே செம்மீன்கள் ஆகலாம்,செம்மீன்கள்,மனிதர்கள்,மனிதர்கள்
ஓஹோ மேகம் வந்ததோ,பொன்னோவியம்,பொன்னோவியம்,பெண்,
காதோரம் லோலாக்கு,என் கூட உன் போல் ஓவியப் பாவை இல்லாமல் போனால் நான் ஒரு ஏழை,ஓவியப் பாவை,காதலியின் பிரிவில் காதலன்,காதலியின் பிரிவில் காதலன்
காதோரம் லோலாக்கு,உன்னாட்டம் தான் தங்கத்தேரு கண்டதில்லை எங்க ஊரு,தங்கத்தேரு,பெண்,
கற்பூர பொம்மை ஒன்று,முத்தே என் முத்தாரமே,முத்தே என் முத்தாரமே,பெண்,
கற்பூர பொம்மை ஒன்று,மானே உன் வார்த்தை ரீங்காரம்,மானே உன் வார்த்தை ரீங்காரம்,பெண்ணின் வார்த்தை,பெண்ணின் வார்த்தை
கற்பூர பொம்மை ஒன்று,உன் பேச்சு நாளும் செந்தேன் குழல்,செந்தேன் குழல்,பெண்ணின் பேச்சு,பெண்ணின் பேச்சு
பச்ச மலப்பூவு,அழகே பொன்னுமணி சிரிச்சா வெள்ளிமணி,பொன்னுமணி வெள்ளிமணி,பெண்,
பச்ச மலப்பூவு,மஞ்சளோ தேகம்,மஞ்சளோ தேகம்,தேகம்,தேகம்
பச்ச மலப்பூவு,நீ உச்சி மல தேனு,உச்சி மல தேனு,பெண்,
இளமையெனும் பூங்காற்று,இளமை மலரின் மீது தன்னை இழந்த வண்டு,வண்டு,காதலன்,
இளமையெனும் பூங்காற்று,கிளியே,கிளி,பெண்,
இளமையெனும் பூங்காற்று,இளமையெனும் பூங்காற்று பாடியது ஓர் பாட்டு,பூங்காற்று,இளமை,இளமை
ஒரு நாளும் உனை மறவாத,விழியோடு இமைபோலே,விழியோடு இமை,காதலியுடன் காதலி,காதலியுடன் காதலி
ஒரு நாளும் உனை மறவாத,உன்னுதிரம் போலே நான்,உன்னுதிரம்,காதலன்,
ஒரு நாளும் உனை மறவாத,உன்னை ஒரு சேய்போலே என் மடியில் தாங்கவா,சேய்,பெண்,
ஒரு நாளும் உனை மறவாத,தோகை கொண்டு நின்றாடும் தேன்கரும்பு தேகம்,தோகை கொண்டு நின்றாடும் தேன்கரும்பு,தேகம்,தேகம்
"இளவேனில்
 இது வைகாசி மாதம்",என் மேனி நீ மீட்டும் பொன் வீணை என்று,பொன் வீணை,மேனி,மேனி
"இளவேனில்
 இது வைகாசி மாதம்",நீ சூடும் பூமாலை வான் போல் வாழ்கவே,வான்,பூமாலை,பூமாலை
பூவே செம்பூவே,நிழல் போல நானும்,நிழல்,ஆண்,
பூவே செம்பூவே,"வாய் பேசிடும்
 புல்லாங்குழல்
 நீதான் ஒரு
 பூவின் மடல்",புல்லாங்குழல்,பெண்,
நினைத்த வரம் கேட்டு,"வானில் நூறு
 கோடி உண்டு தாரகை
 ஒழி வீசும் நிலவு போல
 எந்தன் காரிகை",ஒழி வீசும் நிலவு,பெண்,
நினைத்த வரம் கேட்டு,"பிரம்மன் இந்த
 உலகுக்கு ஈன்ற சீதனம்","பிரம்மன் இந்த
 உலகுக்கு ஈன்ற சீதனம்",பெண்,
நன்றி சொல்லவே உனக்கு,"நாற்புறமும் அலைகள் அடிக்க
 நீயொரு தீவென தனித்திருக்க",தீவென,பெண்,
நன்றி சொல்லவே உனக்கு,இரு சிறு விழி நீரில் ஆட,இரு சிறு விழி நீரில்,கண்ணீர்,கண்ணீர்
நேந்துகிட்ட நேர்த்திக்கடன்,"தங்கமணி முத்துமணி போலே
 ஒரு பிள்ளை பொறப்பான்",தங்கமணி முத்துமணி,பிள்ளை,
நேந்துகிட்ட நேர்த்திக்கடன்,"வைரமணி வெள்ளிமணி போலே
 இரு கண்ண தொறப்பான்",வைரமணி வெள்ளிமணி,பிள்ளை,
நேந்துகிட்ட நேர்த்திக்கடன்,"வீராதி வீரன் போல்
 பிள்ளை வரப்போறான் ஹ ஹான்",வீராதி வீரன்,பிள்ளை,
நேந்துகிட்ட நேர்த்திக்கடன்,"ஒரு வெள்ளி ரதம் போல்
 பய துள்ளி குதிப்பான்",வெள்ளி ரதம்,பிள்ளை,
காட்டு குயில் பாட்டு சொல்ல,மனசுல திறந்தது மணிக்கதவு,மணிக்கதவு,மனம்,மனம்
"தென்றல் வந்து
 தீண்டும் போது",குயிலெல்லாம் தேனா பாடுது,தேனா,குயில் பாட்டு,குயில் பாட்டு
"தென்றல் வந்து
 தீண்டும் போது","ஓடை நீரோடை
 இந்த உலகம் அதுபோல",ஓடை நீரோடை,உலகம்,உலகம்
ராஜ ராஜ சோழன் நான்,"மண் மீது சொர்க்கம் வந்து
 பெண்ணாக ஆனதே",மண் மீது சொர்க்கம்,பெண்ணாக,பெண்ணாக
ராஜ ராஜ சோழன் நான்,"வில்லோடு அம்பு ரெண்டு
 கொல்லாமல் கொல்லுதே
 பெண் பாவை கண்கள்",வில்லோடு அம்பு,பெண் பாவை கண்கள்,பெண் பாவை கண்கள்
ராஜ ராஜ சோழன் நான்,பொன்மேனி,பொன்,பெண்,
கட்டிக்கிடலாம் கட்டிகிடலாம்,"ஊதக்காத்து ராப்போது
 தீ போல ஆயாச்சு",ஊதக்காத்து ராப்போது தீ,தீ,தீ
"மச்சான் மச்சான்
 உன் மேல ஆசை வெச்சான்",உசுரோட உன்னை தெச்சான்,உசுரோட உன்னை தெச்சான்,பெண்,
"மச்சான் மச்சான்
 உன் மேல ஆசை வெச்சான்",தாயாகி சில நேரம்,தாயாகி,பெண்,
"மச்சான் மச்சான்
 உன் மேல ஆசை வெச்சான்",சேயாகி சில நேரம்,சேயாகி,பெண்,
காதல் நீ தானா,வானமும் என் பூமியும் உன்னிடம்,வானமும் என் பூமியும் உன்னிடம்,காதலனின் வாழ்க்கை,காதலனின் வாழ்க்கை
காதல் நீ தானா,"கேட்காத குயிலில் ஓசை
 கேட்குதே உன் வார்த்தையில்",குயிலில் ஓசை,பெண்ணின் வார்த்தை,பெண்ணின் வார்த்தை
காதல் நீ தானா,"நான் பேசும் பொய்யும்
 கவிதை ஆகுதே நம் காதலில்",கவிதை,பொய்,பொய்
ஆனந்த குயிலின் பாட்டு,"நான் கண்ட கீதை
 அண்ணனின் வாா்த்தைகள் தான்",கீதை,அண்ணனின் வாா்த்தைகள்,அண்ணனின் வாா்த்தைகள்
ஆனந்த குயிலின் பாட்டு,பாச நிலா தேய்ந்திடுமோ,நிலா,பாசம்,பாசம்
சின்னத் தாயவள்,முள்ளில் தோன்றிய சின்ன ரோசாவே,முள்ளில் தோன்றிய சின்ன ரோசா,பெண்,
சின்னத் தாயவள்,பால் மணம் வீசும் பூமுகம்,பூ,பெண்,
நாயகன் மீண்டும் வர,"இவன் வரலாறும்
 ஒரு யுகம் பாடும்",ஒரு யுகம்,இவன் வரலாறு,இவன் வரலாறு
நாயகன் மீண்டும் வர,எழுந்தான் மலையாய்,மலை,ஆண்,
நாயகன் மீண்டும் வர,"பல வாள் துளைத்தும்
 இவன் வீழ்ந்ததில்லை","பல வாள் துளைத்தும்
வீழ்ந்ததில்லை",ஆண்,
நாயகன் மீண்டும் வர,"சிவனே எதிர்த்தும்
 இவன் அடங்கவில்லை",சிவனே எதிர்த்தும் அடங்கவில்லை,ஆண்,
நாயகன் மீண்டும் வர,"எமனே முயன்றும்
 இவன் மாய்ந்ததில்லை",எமனே முயன்றும் மாய்ந்ததில்லை,ஆண்,
காதல் கண் கட்டுதே,காதல் கண் கட்டுதே,கண் கட்டுதே,காதல்,காதல்
காதல் கண் கட்டுதே,உன் நினைவிலே கரைகிறேன்,கரைகிறேன்,ஆண்,
காதல் கண் கட்டுதே,"இருள் போலே இருந்தேனே
 விளக்காக உணா்ந்தேனே
 உன்னை நானே","இருள் , விளக்காக ","ஆண், பெண்",
அடி அழகா சிரிச்ச முகமே,நீ மழலை,மழலை,பெண்,
அடி அழகா சிரிச்ச முகமே,நீ இலை நான் பருவ மழை,"இலை , மழை","ஆண், பெண்",
அடி அழகா சிரிச்ச முகமே,"அவன் அருகினிலே
 கணல் மேல் பனிதுளி ஆனேன்",கணல் மேல் பனிதுளி,ஆண்,
அடி அழகா சிரிச்ச முகமே,நீர் தொடும் தாமரை,நீர் தொடும் தாமரை,பெண்,
வாடா தம்பி,"பொறுத்து பொறுத்து
 நீ பொறுமைக்கு
 இரையாகி போகாத",பொறுமைக்கு இரை,ஆண்,
நான் பகல் இரவு,"போக போக
 ஏனோ நீளும் தூரமே","போக போக
 ஏனோ நீளும் தூரமே",வாழ்க்கை,வாழ்க்கை
நான் பகல் இரவு,இசையாக நீயே மாறி,இசை,பெண்,
ரெண்டு காதல்,"அழகாய் மலர்வது போல்
 உதிர்வது காதல்",மலர்வது போல் உதிர்வது,காதல்,காதல்
ரெண்டு காதல்,"எங்கோ தெரிவது போல்
 மறைவது காதல்",தெரிவது போல் மறைவது,காதல்,காதல்
என் விரல் இடுக்குல,என் உயிரே,உயிரே,பெண்,
என் விரல் இடுக்குல,"கடல் மண்ண போல
 உன் காலோட ஒட்டி
 கரை தாண்டும் வரை
 நான் இருப்பேனடி",கடல் மண்,ஆண்,
என் விரல் இடுக்குல,"கடல் அலை போல
 உன் கால் தொட்டு உரசி
 கடல் உள்ள போறவன்
 நான் இல்லடி",கடல் அலை,ஆண்,
என் விரல் இடுக்குல,"நித்தம் நித்தம் நீ ஒடஞ்சா
 ஒட்ட வைக்க நான் இருக்கேன்",ஒடஞ்சா,பெண்,
முன் செல்லடா,"உளி முத்தம் வைத்ததும்
 சிதறும் அப்பாறை துளிகள்",உளி,முத்தம்,முத்தம்
முன் செல்லடா,"தூரம் நின்று யோசித்தால்
 குட்டை கூட ஆழம்தான்",குட்டை,ஆழம்,ஆழம்
முன் செல்லடா,"உள்ளே சென்று நேசித்தால்
 அக்கடலும் உந்தன் தோழன்தான்",அக்கடலும்,தோழன்,தோழன்
யாஞ்சி,"கனவினில் முளைக்கிறாய்
 இமை அணைக்கையில்",கனவினில் முளைக்கிறாய்,பெண்,
யாஞ்சி,"காந்தமாய் என்னை ஈர்க்கும்
 உந்தன் அன்பு",காந்தம்,அன்பு,அன்பு
யாஞ்சி,"நீ எந்தன் பாதி என்றும்
 நானும் உந்தன் மீதி என்றும்",பாதி,"ஆண், பெண்","ஆண், பெண்"
உயிரே உன் உயிரென,"உயிரே உன் உயிரென
 நான் இருப்பேன்",உயிரென,பெண்,
உயிரே உன் உயிரென,"கனவாய் உன் விழிகளைப்
 பாத்திருப்பேன் தினமே",கனவு,ஆண்,
உயிரே உன் உயிரென,"மழையாய் என் மனதினில்
 நீ விழுந்தாய்",மழை,பெண்,
பாக்கு வெத்தல,பையன் தங்கோம்,தங்கோம்,பையன்,பையன்
பாக்கு வெத்தல,தாராள பிரபு,தாராள பிரபு,ஆண்,
எதிர் நீச்சல் அடி,"நாளை என்றும் நம் கையில் இல்லை
 நாம் யாரும் தேவன் கை பொம்மைகளே",தேவன் கை பொம்மை,மனிதர்கள்,மனிதர்கள்
எதிர் நீச்சல் அடி,"உசேன் போல்டை போல் நில்லாமல் ஓடு
 கோல்ட் தேடி வரும்",உசேன் போல்டை,வாழ்க்கை,வாழ்க்கை
தமிழன் என்று சொல்லடா,கிழவிகள் மொழி அனுபவ உளி,அனுபவ உளி,கிழவிகள் மொழி,கிழவிகள் மொழி
மாயா மாயா,"வாசனை இருக்கும்
 வரையினில் சிரிக்கும்
 பூக்களின் கதை தான்
 பூமியில் நமக்கும்",வாசனை இருக்கும் வரையினில் சிரிக்கும் பூக்களின் கதை,மனித வாழ்க்கை,மனித வாழ்க்கை
புது வெள்ளை மழை,"நதியே நீயானால்
 கரை நானே","நதியே, கரை","ஆண் , பெண்",
புது வெள்ளை மழை,"சிறுபறவை நீயானால்
 உன் வானம் நானே","சிறுபறவை, வானம்","ஆண் , பெண்",
புது வெள்ளை மழை,"நீ அணைக்கின்ற வேளையில்
 உயிர்ப்பூ திடுக்கென்று மலரும்",பூ,உயிர்,உயிர்
புது வெள்ளை மழை,"நீ வெடுக்கென்று ஓடினால்
 உயிர்ப்பூ சருகாக உலரும்",பூ,உயிர்,உயிர்
புது வெள்ளை மழை,பெண்ணிலா,பெண்ணிலா,பெண்,
மலா்களே மலா்களே,பெருகியதே விழிவெள்ளம்,வெள்ளம்,கண்ணீர்,கண்ணீர்
மலா்களே மலா்களே,வண்ண நிலவே,வண்ண நிலவே,பெண்,
மலா்களே மலா்களே,"வானோடு நீலம் போலே
 இளைந்து கொண்டது இந்த உறவே",வானோடு நீலம்,உறவு,உறவு
மலா்களே மலா்களே,"ஊனோடு உயிரை போல
 உறைந்து போனதுதான் உறவே",ஊனோடு உயிரை,உறவு,உறவு
என்னவளே அடி என்னவளே,வெண்ணிலவே,வெண்ணிலவே,பெண்,
என்னவளே அடி என்னவளே,"எந்தன் கழுத்து வரை
 இன்று காதல் வந்து இரு
 கண்விழி பிதுங்கி நின்றேன்",கழுத்து வரை இன்று காதல் வந்து இரு கண்விழி பிதுங்கி நின்றேன்,காதல்,காதல்
என்னவளே அடி என்னவளே,"காத்திருந்தால் எதிா் பாா்த்திருந்தால்
 ஒரு நிமிஷமும் வருஷமடி",வருஷமடி,ஒரு நிமிடம்,ஒரு நிமிடம்
என்னவளே அடி என்னவளே,கோகிலமே நீ,கோகிலமே,பெண்,
காதல் கடிதம் தீட்டவே,"காதல் கடிதம் தீட்டவே
 மேகம் எல்லாம் காகிதம்",மேகம்,காகிதம்,காகிதம்
காதல் கடிதம் தீட்டவே,"வானின் நீலம் கொண்டு வா
 பேனா மையோ தீா்ந்திடும்",வானின் நீலம்,பேனா மை,பேனா மை
காதல் கடிதம் தீட்டவே,"சந்திரனும் சூாியனும்
 அஞ்சல்காரா்கள்",சந்திரனும் சூாியனும்,அஞ்சல்காரா்கள்,அஞ்சல்காரா்கள்
காதல் கடிதம் தீட்டவே,"பேனாவில் ஊற்றி வைத்தது
 எந்தன் உயிரல்லோ",பேனாவில் ஊற்றி வைத்தது,உயிர்,உயிர்
காதல் கடிதம் தீட்டவே,"விரல் பட்டால் உந்தன் ஜீவன்
 காயம் படுமல்லோ",காயம்,உயிர்,உயிர்
காதல் கடிதம் தீட்டவே,"உன் கால் கொலுசில்
 மணியாக",மணியாக,ஆண்,
வெள்ளி மலரே,வெள்ளி மலரே,வெள்ளி மலரே,பெண்,
வெள்ளி மலரே,தேன்சிதறும் மன்மத மலரே,தேன்சிதறும் மன்மத மலரே,பெண்,
வெள்ளி மலரே,இளந்தளிரே,இளந்தளிரே,பெண்,
வெள்ளி மலரே,சிறகுள்ள நிலவே,நிலவே,பெண்,
வெள்ளி மலரே,உயிருள்ள மலரே,மலரே,பெண்,
வெள்ளி மலரே,மழையிலும் கூவும் மரகதக் குயில் நான்,மரகதக் குயில்,பெண்,
வெள்ளி மலரே,"இரவிலும் அடிக்கும்
 புன்னகை வெயில் நான்",புன்னகை வெயில்,பெண்,
ஒரு நண்பன் இருந்தால்,ஒரு நண்பன் இருந்தால் கையோடு பூமியை சுமந்திடலாம்,பூமியை சுமந்திடலாம்,நண்பன்,நண்பன்
ஒரு நண்பன் இருந்தால்,நட்பு என்பது எங்கள் முகவரி,முகவரி,நட்பு,நட்பு
அஞ்சலி அஞ்சலி,பூவே,பூ,பெண்,
அஞ்சலி அஞ்சலி,பொன்னே,பொன்,பெண்,
அஞ்சலி அஞ்சலி,"கடலிலே மழை வீழ்ந்தபின்
 எந்த துளி மழைத் துளி",கடலிலே மழை வீழ்ந்தபின் எந்த துளி மழைத் துளி,பெண்,
அஞ்சலி அஞ்சலி,"அழகியே உனை போலவே
 அதிசயம் இல்லையே",அதிசயம்,பெண்,
அஞ்சலி அஞ்சலி,"கண்மணி நீயில்லையேல்
 கவிதைகள் இல்லையே",கவிதைகள்,பெண்,
அஞ்சலி அஞ்சலி,"நீயென்ன நிலவோடு
 பிறந்தவளா",நிலவோடு பிறந்தவளா,பெண்,
அஞ்சலி அஞ்சலி,"பூவுக்குள் கருவாகி
 வளர்ந்தவளா",பூவுக்குள் கருவாகி வளர்ந்தவளா,பெண்,
கொம்பன் சுறா,"கொம்பன் சுறா வேட்டையாடும்
 கடல் ராசா நான்",கடல் ராசா,ஆண்,
சந்திரனை தொட்டது யாா்,"சந்திரனை தொட்டது யாா்
 ஆம்ஸ்ட்ராங்கா அடி ஆம்ஸ்ட்ராங்கா
 சத்தியமாய் தொட்டது யாா்
 நான்தானே அடி நான்தானே",ஆம்ஸ்ட்ராங்கா,பெண்,
சந்திரனை தொட்டது யாா்,நிலவு நீதானே உன் நிழலும் நான்தானே,நிலவு,பெண்,
சந்திரனை தொட்டது யாா்,கனவு தேவதையே,கனவு தேவதை,பெண்,
சந்திரனை தொட்டது யாா்,பூவை உன்னை,பூ,பெண்,
சந்திரனை தொட்டது யாா்,தீப்பந்தம் போன்றவன் நான்,தீப்பந்தம்,ஆண்,
சந்திரனை தொட்டது யாா்,புயலுக்கு பிறந்தவள் நான் தென்றலென்று மாறிவிட்டேன்,தென்றலென்று,பெண்,
ஆசை ஆசை,மலையாய் எழுந்தேன்,மலை,ஆண்,
ஆசை ஆசை,மணலாய் விரிந்தேன்,மணலாய்,ஆண்,
ஆசை ஆசை,அருகம்புல் ஆகிறேன்,அருகம்புல்,ஆண்,
ஆசை ஆசை,திருவிழா ஆகிறேன்,திருவிழா,ஆண்,
ஆசை ஆசை,புல்வெளி ஆகிறேன்இப்பொழுது நீ பனித்துளிஆவது எப்பொழுது,"புல்வெளி , பனித்துளி",ஆண்,
ஆசை ஆசை,கொட்டும்மழை நான் இப்பொழுதுஉன் குடிநீராவது எப்பொழுது,"மழை , குடிநீராவது ",ஆண்,
ஆசை ஆசை,கிணற்றில் சூரியன்இப்பொழுது உன் கிழக்கில்உதிப்பது எப்பொழுது,சூரியன்,ஆண்,
அழகூரில் பூத்தவளே,நீ சுருட்டி போட்ட முடி மோதிரமாய் ஆகுமடி,மோதிரமாய்,சூடிய முடி,சூடிய முடி
அழகூரில் பூத்தவளே,என்னை திரியாக்கி உன்னில் விளக்கேற்றி,திரி,ஆண்,
அழகூரில் பூத்தவளே,குறிலாக நான் இருக்க நெடிலாக நீ வளர்க்க,"குறிலாக , நெடிலாக ",ஆண்,
சீ சீ சீ,சின்ன புள்ள போல,சின்ன புள்ள,பெண்,
சீ சீ சீ,உன் கொலுசு மணி போல நான்,கொலுசு மணி,ஆண்,
சீ சீ சீ,உன் இலவம்பஞ்சி உடம்பில்,இலவம்பஞ்சி,உடல்,உடல்
சீ சீ சீ,உன் சலவ செஞ்ச சிரிப்பில்,சலவ செஞ்ச,சிரிப்பு,சிரிப்பு
என்னை கொஞ்ச,வெள்ளை தீ போன்ற,வெள்ளை தீ,மழை,மழை
என்னை கொஞ்ச,வெட்க பூ போலே,வெட்க பூ,மழை,மழை
இப்பவே இப்பவே,ஆயுள் கைதி ஆகிவிட்டேன்,ஆயுள் கைதி,ஆண்,
இப்பவே இப்பவே,மின்னல் கண்ட தாழை போல,மின்னல் கண்ட தாழை,பெண்,
இப்பவே இப்பவே,மண்ணுக்குள்ளே வேரைப் போலே நெஞ்சுக்குள்ளே நீதான்,மண்ணுக்குள்ளே வேரைப்,நெஞ்சுக்குள் நீ,நெஞ்சுக்குள் நீ
கண்டேன் கண்டேன் காதலை,பிள்ளை மொழிசொல்லை விட ஒற்றைபனை கள்ளை விடபோதை தரும் காதல்வர தொலைந்தேன்,பிள்ளை மொழிசொல்லை விட ஒற்றைபனை கள்ளை விடபோதை தரும்,காதல்,காதல்
மழை நின்ற,மழை நின்ற பின்பும் தூரல் போல உனை மறந்த பின்பும் காதல்,மழை நின்ற பின்பும் தூரல்,உனை மறந்த பின் வரும் காதல்,உனை மறந்த பின் வரும் காதல்
மழை நின்ற,அலை கடந்த பின்பும் ஈரம் போல உனை பிரிந்த பின்பும் காதல்,அலை கடந்த பின்பும் ஈரம்,உனை பிரிந்த பிறகு இருக்கும் காதல்,உனை பிரிந்த பிறகு இருக்கும் காதல்
மழை நின்ற,தாமரையாய் நான் இருந்தும் தாகம் இன்னும் அடங்கவில்லை,தாமரை,அவன்,அவன்
காற்றே என் வாசல்,துள்ளி வரும் காற்றே,துள்ளி வரும் காற்றே,பெண்,
காற்றே என் வாசல்,தாவணி குடை பிடிப்பாயா,குடை,தாவணி,தாவணி
காற்றே என் வாசல்,நெடுங்காலம்சிப்பிக்குள்ளே உருண்டுநிக்கும் முத்து போல் என்பெண்மை திரண்டு நிற்கிறதே,சிப்பிக்குள்ளே உருண்டுநிக்கும் முத்து,பெண்மை,பெண்மை
நெஞ்சில் ஜில் ஜில்,ஒரு தெய்வம் தந்த பூவே,தெய்வம் தந்த பூ,குழந்தை,
நெஞ்சில் ஜில் ஜில்,காற்றைப்போல நீ வந்தாயே,காற்றை,குழந்தை,
நெஞ்சில் ஜில் ஜில்,எனது செல்வம் நீ,செல்வம்,குழந்தை,
நெஞ்சில் ஜில் ஜில்,எனது வறுமை நீ,வறுமை,குழந்தை,
நெஞ்சில் ஜில் ஜில்,இழைத்த கவிதை நீ,கவிதை,குழந்தை,
நெஞ்சில் ஜில் ஜில்,எழுத்துப் பிழையும் நீ,எழுத்துப் பிழை,குழந்தை,
நெஞ்சில் ஜில் ஜில்,இரவல் வெளிச்சம் நீ,இரவல் வெளிச்சம்,குழந்தை,
நெஞ்சில் ஜில் ஜில்,இரவின் கண்ணீர் நீ,இரவின் கண்ணீர்,குழந்தை,
நெஞ்சில் ஜில் ஜில்,நீ இழந்த சிறகும் நீ,இழந்த சிறகு,குழந்தை,
நெஞ்சில் ஜில் ஜில்,நான் தூக்கி வளர்த்த துயரம் நீ,தூக்கி வளர்த்த துயரம்,குழந்தை,
சந்திப்போமா,ஆப்பிள் போலே இருப்பானே,ஆப்பிள்,ஆண்,
சந்திப்போமா,என்னை தாக்கிய தாவணியே,தாவணி,பெண்,
சின்னம்மா சிலகம்மா,நீ உருகி வழிந்திடும் தங்கம்,உருகி வழிந்திடும் தங்கம்,பெண்,
சின்னம்மா சிலகம்மா,வெள்ளை இரவேஇரவின் குளிரேதெளியும் நதியேநதியின் கரையேநீயோ அழகின்நெசவாகும்,வெள்ளை இரவேஇரவின் குளிரேதெளியும் நதியேநதியின் கரையே,பெண்,
சின்னம்மா சிலகம்மா,கொஞ்சல் மொழியேமொழியின் உயிரேஉறையா பனியே,கொஞ்சல் மொழியேமொழியின் உயிரேஉறையா பனியே,பெண்,
சின்னம்மா சிலகம்மா,நீ பூக்கள் போத்திய படுக்கை,பூக்கள் போத்திய படுக்கை,பெண்,
சின்னம்மா சிலகம்மா,உன் உதடு தேன்களின் இருக்கை,தேன்களின் இருக்கை,பெண்ணின் உதடு,பெண்ணின் உதடு
என் ஜன்னலில் தெரிவது,என் ஜன்னலில் தெரிவது நிலவு தானா,நிலவு,பெண்,
என் ஜன்னலில் தெரிவது,கடவுளின் முகவரி,கடவுளின் முகவரி,பெண்,
என் ஜன்னலில் தெரிவது,பெண் புறா,புறா,பெண்,
காதல் பிசாசே,காதல் பிசாசே,காதல் பிசாசே,பெண்,
காதல் பிசாசே,வெட்கக்கவிதை நீ,வெட்கக்கவிதை,பெண்,
காதல் பிசாசே,அஞ்சு வயதுப்பிள்ளைபோலே அச்சச்சோகூச்சத்தாலே கொஞ்சிக்கொஞ்சி என்னைக் கொன்றால்பரவாயில்லை,அஞ்சு வயதுப்பிள்ளை,பெண்,
கண்டேன் கண்டேன்,உயிர் காதல்,உயிர்,காதல்,காதல்
கண்டேன் கண்டேன்,நீ வளையல் அணியும் கரும்பு,கரும்பு,பெண்,
கண்டேன் கண்டேன்,சுடிதாரை சூடி செல்லும் பூக்காடு,பூக்காடு,பெண்,
கண்டேன் கண்டேன்,ஒரு விழி எரிமலை,எரிமலை,பெண்ணின் விழி,பெண்ணின் விழி
கண்டேன் கண்டேன்,மறு விழி அடை மழை,அடை மழை,பெண்ணின் விழி,பெண்ணின் விழி
கோலி குண்டு கண்ணு,கோலி குண்டு கண்ணு,கோலி குண்டு,பெண்ணின் விழி,பெண்ணின் விழி
கோலி குண்டு கண்ணு,கோவ பழ உதடு,கோவ பழ,பெண்ணின் உதடு,பெண்ணின் உதடு
கோலி குண்டு கண்ணு,பாலப் போல பல்லு,பாலப்,பெண்ணின் பல்,பெண்ணின் பல்
கோலி குண்டு கண்ணு,சோளத்தட்ட காலு,சோளத்தட்ட,பெண்ணின் கால்,பெண்ணின் கால்
கோலி குண்டு கண்ணு,அருகம் புல்லு நா,அருகம் புல்லு,பெண்,
கோலி குண்டு கண்ணு,இலவம் பஞ்சு நா,இலவம் பஞ்சு,பெண்,
கோலி குண்டு கண்ணு,கண்ணுல கொட்டிக்கிட்ட சீயக்காயப் போல ஐயோ நீ உறுத்துறியே,கண்ணுல கொட்டிக்கிட்ட சீயக்காய,பெண்,
கோலி குண்டு கண்ணு,தண்ணில சிந்திவிட்ட சீமையெண்ண போல என்னை நீ ஒதுக்குறியே,தண்ணில சிந்திவிட்ட சீமையெண்ண,ஆண்,
கொஞ்ச நேரம்,கண்ணதாசன்பாடல்வரி போல கொண்டகாதல் வாழும் நிலையாக,கண்ணதாசன்பாடல்வரி,காதல்,காதல்
கொஞ்ச நேரம்,கம்பன் பாடிப்போன தமிழ்ப் போலஇந்த நாளும் வேகம்நலமாக,கம்பன் பாடிப்போன தமிழ்ப்,காதல்,காதல்
கொஞ்ச நேரம்,மழை நீயாக வெயில் நானாக,மழை,பெண்,
கொஞ்ச நேரம்,வெள்ளாமை நீ,வெள்ளாமை,பெண்,
நீயா பேசியது,ஊமை காதலன் நானடி,ஊமை காதலன்,ஆண்,
நீயா பேசியது,காற்றாய் நீ கிடைத்தாய்,காற்றாய்,பெண்,
செவ்வானம் சேலை கட்டி,செவ்வானம் சேலை கட்டி சென்றது வீதியிலே,செவ்வானம்,பெண்,
செவ்வானம் சேலை கட்டி,மின்சாரம் மின்னல் வெட்டி போனது,மின்சாரம் மின்னல் வெட்டி போனது,பெண்,
சுத்துது சுத்துது,கத்தி எரிஞ்சது போலநீ சுத்தி இழுப்பதினால,கத்தி எரிஞ்சது,சுற்றி இழுத்தல்,சுற்றி இழுத்தல்
சுத்துது சுத்துது,பஞ்சு வெடிப்பது போல என் நெஞ்சுதுடிப்பதுனால,பஞ்சு வெடிப்பது,நெஞ்சு துடிப்பது,நெஞ்சு துடிப்பது
தவமின்றி கிடைத்த வரமே,நீ சூரியன் நான்வெண்ணிலா உன் ஒளியால்தானே வாழ்கிறேன்,"சூரியன் , வெண்ணிலா ",பெண்,
தவமின்றி கிடைத்த வரமே,நீ சூரியன் நான்தாமரை நீ வந்தால் தானேமலர்கிறேன்,"சூரியன் , தாமரை",ஆண்,
தவமின்றி கிடைத்த வரமே,நீ சூரியன் நான்வான்முகில் நீ நடந்திடும்பாதையாகிறேன்,"சூரியன் , வான்முகில்",ஆண்,
தவமின்றி கிடைத்த வரமே,நீ சூரியன் நான்ஆழ்கடல் என் மடியில்உன்னை ஏந்தினேன்,"சூரியன், ஆழ்கடல்",ஆண்,
தவமின்றி கிடைத்த வரமே,கடிவாளம் இல்லாத காற்றாக நான் மாற வேண்டாமா,கடிவாளம் இல்லாத காற்றாக,ஆண்,
அவள் யார் அவள்,நீ என் நெஞ்சை போர் கப்பல் போல் வந்துசொல்லாமல் கொள்ளாமல் தாக்காதே தாக்காதே,போர் கப்பல்,பெண்,
திம்சு கட்டை,பப்பாளி பழமே,பப்பாளி பழமே,பெண்,
திம்சு கட்டை,தக்காளி பழமே,தக்காளி பழமே,பெண்,
ஆத்தோரத்திலே ஆலமரம்,கண்ணம்மா,கண்ணம்மா,பெண்,
ஆத்தோரத்திலே ஆலமரம்,பொன்னம்மா,பொன்னம்மா,பெண்,
ஆத்தோரத்திலே ஆலமரம்,கள்ளம் கபடம் ஏதும் இல்லா குழந்தை என்று,குழந்தை,பெண்,
ஆத்தோரத்திலே ஆலமரம்,துள்ளி வந்த கொல்லி மலைத் தேனே,கொல்லி மலைத் தேனே,பெண்,
ஒளியிலே தொிவது,ஒளியிலே தொிவது தேவதையா,தேவதை,பெண்,
ஒளியிலே தொிவது,பொண்ணு சிலை ஒன்னு,சிலை,பெண்,
இளங்காத்து வீசுதே,இசை போல பேசுதே,இசை,பெண் பேசுதல்,பெண் பேசுதல்
இளங்காத்து வீசுதே,கரும்பாறை மனசுல,கரும்பாறை,ஆணின் மனது,ஆணின் மனது
இளங்காத்து வீசுதே,நிலம் போல சிலருக்குத் தான் மனசு இருக்கு,நிலம்,மனது,மனது
எனக்குப் பிடித்த பாடல்,காதல் பூக்கள் உதிருமா,பூக்கள்,காதல்,காதல்
எனக்குப் பிடித்த பாடல்,குழந்தையை போலவேஇதயமும் தொலையுதே,குழந்தை,இதயம்,இதயம்
எனக்குப் பிடித்த பாடல்,வெள்ளிக் கம்பிகளைப்போல ஒரு தூறல் போடுதோ,வெள்ளிக் கம்பி,தூறல் போடுதல்,தூறல் போடுதல்
ஒற்றைக் கண்ணால,மாலை நேரப் பட்டாம்பூச்சி,பட்டாம்பூச்சி,பெண்,
ஒற்றைக் கண்ணால,பெண்ணே உன்கால்தடங்கள் மண்மீது ஓவியமாய்,மண்மீது ஓவியமாய்,பெண்ணின் கால்தடங்கள்,பெண்ணின் கால்தடங்கள்
ஒற்றைக் கண்ணால,கண்ணே உன் கை நகங்கள்விண்மீது வெண்பிறையாய்,விண்மீது வெண்பிறை,பெண்னின் கை நகம்,பெண்னின் கை நகம்
ஒற்றைக் கண்ணால,வாய்மொழிகள் நான்கொண்ட வேதங்களா,வேதங்களா,பெண்ணின் வாய்மொழி,பெண்ணின் வாய்மொழி
ஒற்றைக் கண்ணால,ஞாபகங்கள் நான் கொண்ட சாபங்களா,சாபங்களா,ஞாபகங்கள்,ஞாபகங்கள்
தேசிங்கு ராஜா,தேசிங்கு ராஜா,தேசிங்கு ராஜா,ஆண்,
தேசிங்கு ராஜா,தென்நாட்டு சூரியன் தான்,தென்நாட்டு சூரியன்,ஆண்,
தேசிங்கு ராஜா,ஒத்த பூவா உன்ன கிள்ள போறான்,பூ,பெண்,
ஊஞ்சல் மனம் ஆடிடும் நேரம்,"பெண்ணே பெண்ணே பெண்ணே
 பேரன்பின் தூதே",பேரன்பின் தூதே,பெண்,
ஊஞ்சல் மனம் ஆடிடும் நேரம்,காதல் என்னும் மாயம்,மாயம்,காதல்,காதல்
காலங்கள் மாறும்கனவெல்லாம் மாறும்,மனம் ஒரு வானிலை,வானிலை,மனம்,மனம்
ஆகாசம் கண்ணுக்குள்ள,பாலூறும் அன்னை இந்த பூமி தான் ராசா,பாலூறும் அன்னை,பூமி,பூமி
கஞ்சா பூவு கண்ணால,கஞ்சா பூவு கண்ணால,கஞ்சா பூ,கண்,கண்
கஞ்சா பூவு கண்ணால,செப்பு செலை உன்னால,செப்பு செலை,பெண்,
ரங்கராட்டினம் போலே,லட்சம் வானவில் நீ தான்,வானவில்,பெண்,
தாலாட்டும் மௌனம் ஒன்றில்,எங்கேயோ என்னை கூட்டிச்செல்லும் பாதை நீதானே,பாதை,பெண்,
தாலாட்டும் மௌனம் ஒன்றில்,"எப்போதும் என்னுள் வட்டம் போடும்
 பாடல் நீதானே",பாடல்,பெண்,
என்ன குறை நான் வைத்தேன் கண்ணே,கடல் தூங்கும் ஆழம் நெடும் வானின் நீளம்,நெடும் வானின் நீளம்,கடல் தூங்கும் ஆழம்,கடல் தூங்கும் ஆழம்
நான் பார்த்த முதல் முகம் நீ,நான் முகர்ந்த முதல் மலரும் நீயே,மலரும்,பெண்,
நான் பார்த்த முதல் முகம் நீ,என் உயிர் என்றும் நீ அம்மா,உயிர்,தாய்,தாய்
கண்ணுங்களா என் கண்ணுங்களா,தந்தை ஒருவன் அந்த இறைவன்,இறைவன்,தந்தை,தந்தை
உன்னில் தொடுத்த முத்துச்சரம் நான்,உன்னில் தொடுத்த முத்துச்சரம் நான்,முத்துச்சரம்,ஆண்,
அவ மஞ்ச கலரு குருவி,அவ மஞ்ச கலரு குருவி,குருவி,பெண்,
அவ மஞ்ச கலரு குருவி,அவ குற்றாலத்து அருவி,குற்றாலத்து அருவி,பெண்,
உன்னை பார்த்த நாள்,நீ பைன் மர பூக்களின் செல்பியா,பைன் மர பூக்களின் செல்பியா,பெண்,
அல்லோல கல்லோலம்,காதல் என்னும் பூதம்,பூதம்,காதல்,காதல்
"கனவே கனவே
 விழியில் நிகழா நிஜமே",கொதிக்கும் கண்ணீர் மழையே,மழை,கண்ணீர்,கண்ணீர்
"கனவே கனவே
 விழியில் நிகழா நிஜமே","வாழ்க்கை இனிமேல்
 கொடிய தனிமை சிறையே",சிறை,வாழ்க்கை,வாழ்க்கை
நடை பாதை பூவனங்கள் பார்த்து,இதயத்தின் தலைவி நீ,இதயத்தின் தலைவி,பெண்,
"ஆண்டிப்பட்டி
 கனவா காத்து",நீ மஞ்சக்கரு வேலம் பூவு,மஞ்சக்கரு வேலம் பூ,பெண்,
நான் காற்றிலே அலைகிற காகிதம்,நான் காற்றிலே அலைகிற காகிதம்,காற்றிலே அலைகிற காகிதம்,ஆண்,
காதல் ஆசை யாரை விட்டதோ,உன் ஒரு முகம் உலகமாய் காணுதே,உலகமாய்,பெண்ணின் முகம்,பெண்ணின் முகம்
ஒரு கண் ஜாடை செய்தாலே,"தரையில் போகும்
 மேகம் இவளா",தரையில் போகும் மேகம்,பெண்,
"ஆனந்த யாழை
 மீட்டுகிறாய்","அன்பென்னும் குடையை
 நீட்டுகிறாய்",குடை,அன்பு,அன்பு
காதல் வைத்துகாதல் வைத்து காத்திருந்தேன்,காதல் என்னும் கடலுக்குள் நான் விழுந்தேன்,கடலுக்குள்,காதல்,காதல்
கண்ணன் வரும் வேளை அந்திமாலை,"கண்ணன் வரும்
 வேளை அந்திமாலை",கண்ணன்,காதலன்,
கனா காணும்காலங்கள்,"பட படப்பாய்சில கோபங்கள் தோன்றும்
 பனி துளியாய் அது மறைவது ஏன்",பட படப்பாய்,பனி துளி,பனி துளி
கமான் கேர்ள்ஸ்,ஜனனி நீ கண்மணி,கண்மணி,பெண்,
கமான் கேர்ள்ஸ்,என் உயிர் நீயடி,உயிர்,பெண்,
எங்கடி பொறந்த,கீரிப்புள்ள நீ தான்,கீரிப்புள்ள,பெண்,
எங்கடி பொறந்த,ஸ்நேக் நான் தான்,ஸ்நேக்,ஆண்,
ஒசக்க செத்தா ஒசக்க,தேளாக என் நெஞ்ச கொட்டிபுட்டா,தேளாக,பெண்,
ஒசக்க செத்தா ஒசக்க,இதயத்த காத்தாடி ஆக்கிவிட்டா,காத்தாடி,இதயம்,இதயம்
ஒசக்க செத்தா ஒசக்க,முயல் ஒன்னா துள்ளிகிட்டு,முயல்,பெண்,
ஓபன் த டாஸ்மாக்,வால் இல்லா காத்தாடியாவானத்துல பறக்குறேன்,வால் இல்லா காத்தாடி,ஆண்,
அம்மா அம்மா நீ எங்க அம்மா,கண்ணான கண்ணே என் தெய்வ பெண்ணே,கண்ணான கண்ணே,பெண்,
அம்மா அம்மா நீ எங்க அம்மா,நீ என் பெருமையின் எல்லை,பெருமையின் எல்லை,பெண்,
நீயும் நானும் சோ்ந்தே செல்லும் நேரமே,நீ கதிா் நிலவு,கதிா் நிலவு,பெண்,
என்னை மாற்றும் காதலே,அடக் காதல் என்பது மாயவலை,மாயவலை,காதல்,காதல்
கட்டிக்கிடும் முன்னே நம்ம,உன் கன்னம்ரெண்டும் முள்ளே இல்லாரோசாவடி,ரோசா,கன்னம்,கன்னம்
கட்டிக்கிடும் முன்னே நம்ம,ஓடாத என் புள்ளிமானே,புள்ளிமானே,பெண்,
உயிரே உயிரே உயிாின் உயிரே,சொல்லாத ஆசைஎல்லாம் நீதானே பெண்ணே,சொல்லாத ஆசை,பெண்,
உயிரே உயிரே உயிாின் உயிரே,என் காதல் பாடல்எல்லாம் நீதானே பெண்ணே,காதல் பாடல்,பெண்,
ஒரு நேச மேகம் உயிா் தீண்டும் நேரம்,உயிா் நதி கலங்குதே,நதி,உயிர்,உயிர்
ஏய் கொட்டு கொட்டு மேளம் கொட்டு,காதல் ஒரு மிதவை மிதவை பாலம்,மிதவை பாலம்,காதல்,காதல்
செல்பி புள்ள,நிலவுங்க எல்லாம் இங்க தேவையில்ல உன் கண் ரெண்டு போதாதா,நிலவு,கண்,கண்
டாவியா நோவியா,அட ஏன்டி பேபி நீயும் பிச்சிட்டுப்போன,பேபி,பேபி,பேபி
உன் பேரில் என் பேரை சேர்த்து,பகல் நிலவேஎன்னைத் தெரியாதா பெண் ஆழகே,பகல் நிலவே,பெண்,
தலை விடுதலை,வேகம் என்னும் தீயிலே,தீ,வேகம்,வேகம்
எழு வேலைக்காரா,வேர்வை தீயே,தீ,வியர்வை,வியர்வை
கருத்தவன்லாம் கலீஜாம்,சென்னையோட அன்னை நம்ம குப்பம் தானே,சென்னையோட அன்னை,சென்னை நகரின் தாய்,சென்னை நகரின் தாய்
இளமை திரும்புதே,தனி மரம் நானடி,தனி மரம்,ஆண்,
இளமை திரும்புதே,வாசல் வந்த முல்லையே,முல்லை,பெண்,
பேட்ட பராக்,புலியாகவேஅசராம வந்து நிப்பான்,புலி,ஆண்,
ஹே எத்தனை சந்தோசம்,என் ஆளு ராஜா நீ,ராஜா,காதலன்,
நெஞ்சே வேண்டாம் நடுங்காதே,உன் விரலாலே என்னை மீட்டடி,என்னை மீட்டடி,ஆண்,
புதுசாட்டம் வானு மண்ணு நானு எல்லாமே,புலி தேடும் மானு நீ,புலி தேடும் மானு,பெண்,
தனி வழி,தோள்பட்டை நட்சத்திரம்,நட்சத்திரம்,தோள்பட்டை,தோள்பட்டை
தனி வழி,காக்கி சட்டை நீதி கவசம்,நீதி கவசம்,காக்கி சட்டை,காக்கி சட்டை
செல்லம்மா செல்லம்மா,அங்கம் மின்னும் தங்கம்மா,தங்கம்மா,அங்கம்,அங்கம்
செல்லம்மா செல்லம்மா,கண்ணாடி மனச கல் வீசி பார்த்தாயே,கண்ணாடி,மனசு,மனசு
செல்லம்மா செல்லம்மா,மெழுகு டால்லு நீ,மெழுகு டால்லு,பெண்,
டிப்ப டப்பம் டிப்பம் டப்பம்,மினுமினுக்கும் முத்தாரமே,முத்தாரமே,பெண்,
டிப்ப டப்பம் டிப்பம் டப்பம்,என் மனசு இனி உனக்கு ஒரு பிளே ஸ்டேஷன்,பிளே ஸ்டேஷன்,மனசு,மனசு
டிப்ப டப்பம் டிப்பம் டப்பம்,அது கண்ணா இல்ல கரண்டா,கரண்டா,கண்,கண்
கண்ணே கண்மணியே,என் கண்ணை மீறி போகாதே கண்மணி கண்மணியே,கண்மணியே,பெண்,
நான் பிழை நீ மழலை,நீ இலை,இலை,பெண்,
நான் பிழை நீ மழலை,நான் பருவ மழை,பருவ மழை,ஆண்,
காதல் ஒன்றாக வந்து ரெண்டானது,"இரண்டு கண்கள் இதுலே ஒன்றை
 இழக்க சொன்னால் வலி எனக்கில்லை",இரண்டு கண்கள்,இரண்டு காதலிகள்,இரண்டு காதலிகள்
டூ டூ டூன்னு புட்டு ஹார்ட்ட விட்டு குடுக்க,ஒஹ் பேபி தங்கமே என்றும் என்றும் வேணுமே,தங்கமே,பெண்,
போர் கண்ட சிங்கம்,"போர் கண்ட சிங்கம்
 வலி கொண்ட நெஞ்சம்
 உடைந்தாலும் உனக்காக உயிர் வாழ்கிறேன்",போர் கண்ட சிங்கம்,ஆண்,
நாயகன் மீண்டும் வர எட்டு திக்கும் பயம் தானே,"ராட்சச ராமன் என
 கனவை கொண்டவன் இவன் தானே",ராட்சச ராமன்,ஆண்,
என் முதல் நாயகன் நீ,எந்தன் தெம்பே நீதானே,தெம்பே,பெண்,
என் முதல் நாயகன் நீ,காதல் சின்னமே,காதல் சின்னமே,தாஜ்மகால்,தாஜ்மகால்
மார்டன் ரதியேஉன்ன பிக்கப்பு பண்ணிடவா,நடக்கும் நதியே,நதி,பெண்,
கண்ணீர் சிந்த ஆனந்த பூவொன்று பூக்கின்றதே,என் கண்மணி உன் பிள்ளை நான் தானடா,பிள்ளை,பெண்,
கண்ணால கதை பேச நீயும்,எனை தாங்கும் தூணாக நீதானடி,தூணாக,பெண்,
மயக்கமா கலக்கமா மைன்டு ஃபுல்லா கொளப்பமா,"தேன்மொழி பூங்கொடி
 மைன்டு ஃபுல்லா நீயடி
 வான்மதி பைங்கிளி
 தோழி இப்போ காதலி",தேன்மொழி,பெண்,
தாய் கிளவி,அக்கா பெத்த அச்சு முறுக்கே,அச்சு முறுக்கே,பெண்,